timestamp,elapsed_s,step_index,step_elapsed_s,target_mc_setpoint_k,target_mc_setpoint_mk,mc_temp_k,mc_temp_mk,mc_setpoint_k,mc_setpoint_mk,mc_heater_power_w,mc_heater_power_uw,still_temp_k,still_temp_mk,still_heater_power_w,still_heater_power_mw
2026-07-02T15:46:23.711542,3.3,0,0.0,0.01,10.0,0.01659,16.59,0.006,6.0,0.0,0.0,0.6339,633.9,0.0,0.0
2026-07-02T15:46:38.713435,18.3,0,15.0,0.01,10.0,0.016456,16.456,0.01,10.0,0.0,0.0,0.6338,633.8000000000001,0.0,0.0
2026-07-02T15:46:53.717817,33.3,0,30.0,0.01,10.0,0.0163347,16.3347,0.01,10.0,0.0,0.0,0.6338,633.8000000000001,0.0,0.0
2026-07-02T15:47:08.711915,48.3,0,45.0,0.01,10.0,0.0162256,16.2256,0.01,10.0,0.0,0.0,0.6337,633.7,0.0,0.0
2026-07-02T15:47:23.718826,63.3,0,60.0,0.01,10.0,0.0161053,16.1053,0.01,10.0,0.0,0.0,0.634,634.0,0.0,0.0
2026-07-02T15:47:38.712337,78.3,0,75.0,0.01,10.0,0.0159757,15.9757,0.01,10.0,0.0,0.0,0.6339,633.9,0.0,0.0
2026-07-02T15:47:53.717664,93.3,0,90.0,0.01,10.0,0.0158743,15.874300000000002,0.01,10.0,0.0,0.0,0.6338,633.8000000000001,0.0,0.0
2026-07-02T15:48:08.714038,108.3,0,105.0,0.01,10.0,0.015766,15.765999999999998,0.01,10.0,0.0,0.0,0.6339,633.9,0.0,0.0
2026-07-02T15:48:23.715147,123.3,0,120.0,0.01,10.0,0.015642,15.642,0.01,10.0,0.0,0.0,0.6339,633.9,0.0,0.0
2026-07-02T15:48:38.711699,138.3,0,135.0,0.01,10.0,0.0155343,15.5343,0.01,10.0,0.0,0.0,0.6337,633.7,0.0,0.0
2026-07-02T15:48:53.713749,153.3,0,150.0,0.01,10.0,0.0154251,15.4251,0.01,10.0,0.0,0.0,0.6337,633.7,0.0,0.0
2026-07-02T15:49:08.712140,168.3,0,165.0,0.01,10.0,0.0153124,15.3124,0.01,10.0,0.0,0.0,0.6338,633.8000000000001,0.0,0.0
2026-07-02T15:49:23.715045,183.3,0,180.0,0.01,10.0,0.0152063,15.2063,0.01,10.0,0.0,0.0,0.6338,633.8000000000001,0.0,0.0
2026-07-02T15:49:38.714429,198.3,0,195.0,0.01,10.0,0.0151433,15.1433,0.01,10.0,0.0,0.0,0.6335,633.5,0.0,0.0
2026-07-02T15:49:53.717310,213.3,0,210.0,0.01,10.0,0.0149564,14.9564,0.01,10.0,0.0,0.0,0.6337,633.7,0.0,0.0
2026-07-02T15:50:08.719844,228.3,0,225.0,0.01,10.0,0.014845,14.845,0.01,10.0,0.0,0.0,0.6335,633.5,0.0,0.0
2026-07-02T15:50:23.714143,243.3,0,240.0,0.01,10.0,0.014781,14.781,0.01,10.0,0.0,0.0,0.6337,633.7,0.0,0.0
2026-07-02T15:50:38.712971,258.3,0,255.0,0.01,10.0,0.0146894,14.689400000000001,0.01,10.0,0.0,0.0,0.6337,633.7,0.0,0.0
2026-07-02T15:50:53.713832,273.3,0,270.0,0.01,10.0,0.0145719,14.571900000000001,0.01,10.0,0.0,0.0,0.6337,633.7,0.0,0.0
2026-07-02T15:51:08.715446,288.3,0,285.0,0.01,10.0,0.0144591,14.459100000000001,0.01,10.0,0.0,0.0,0.6338,633.8000000000001,0.0,0.0
2026-07-02T15:51:23.712230,303.3,0,300.0,0.01,10.0,0.0143291,14.3291,0.01,10.0,0.0,0.0,0.6337,633.7,0.0,0.0
2026-07-02T15:51:38.718471,318.3,0,315.0,0.01,10.0,0.0142575,14.257499999999999,0.01,10.0,0.0,0.0,0.6338,633.8000000000001,0.0,0.0
2026-07-02T15:51:53.716056,333.3,0,330.0,0.01,10.0,0.0141624,14.1624,0.01,10.0,0.0,0.0,0.6335,633.5,0.0,0.0
2026-07-02T15:52:08.719694,348.3,0,345.0,0.01,10.0,0.0140329,14.0329,0.01,10.0,0.0,0.0,0.6338,633.8000000000001,0.0,0.0
2026-07-02T15:52:23.712397,363.3,0,360.0,0.01,10.0,0.0139056,13.9056,0.01,10.0,0.0,0.0,0.6338,633.8000000000001,0.0,0.0
2026-07-02T15:52:38.717275,378.3,0,375.0,0.01,10.0,0.0138721,13.8721,0.01,10.0,0.0,0.0,0.6337,633.7,0.0,0.0
2026-07-02T15:52:53.720547,393.3,0,390.0,0.01,10.0,0.0137768,13.7768,0.01,10.0,0.0,0.0,0.6334,633.4,0.0,0.0
2026-07-02T15:53:08.712803,408.3,0,405.0,0.01,10.0,0.0136968,13.6968,0.01,10.0,0.0,0.0,0.6335,633.5,0.0,0.0
2026-07-02T15:53:23.719359,423.3,0,420.0,0.01,10.0,0.0136206,13.6206,0.01,10.0,0.0,0.0,0.6334,633.4,0.0,0.0
2026-07-02T15:53:38.712297,438.3,0,435.0,0.01,10.0,0.013462,13.462,0.01,10.0,0.0,0.0,0.6336,633.6,0.0,0.0
2026-07-02T15:53:53.711870,453.3,0,450.0,0.01,10.0,0.0134294,13.4294,0.01,10.0,0.0,0.0,0.6333,633.3,0.0,0.0
2026-07-02T15:54:08.717912,468.3,0,465.0,0.01,10.0,0.0133412,13.341199999999999,0.01,10.0,0.0,0.0,0.6336,633.6,0.0,0.0
2026-07-02T15:54:23.714150,483.3,0,480.0,0.01,10.0,0.013233,13.233,0.01,10.0,0.0,0.0,0.6333,633.3,0.0,0.0
2026-07-02T15:54:38.716868,498.3,0,495.0,0.01,10.0,0.0132064,13.2064,0.01,10.0,0.0,0.0,0.6335,633.5,0.0,0.0
2026-07-02T15:54:53.718676,513.3,0,510.0,0.01,10.0,0.0130718,13.0718,0.01,10.0,0.0,0.0,0.6332,633.1999999999999,0.0,0.0
2026-07-02T15:55:08.717465,528.3,0,525.0,0.01,10.0,0.0130141,13.014100000000001,0.01,10.0,0.0,0.0,0.6336,633.6,0.0,0.0
2026-07-02T15:55:23.713794,543.3,0,540.0,0.01,10.0,0.0129081,12.908100000000001,0.01,10.0,0.0,0.0,0.6336,633.6,0.0,0.0
2026-07-02T15:55:38.720454,558.3,0,555.0,0.01,10.0,0.0128699,12.8699,0.01,10.0,0.0,0.0,0.6334,633.4,0.0,0.0
2026-07-02T15:55:53.719773,573.3,0,570.0,0.01,10.0,0.012713,12.713000000000001,0.01,10.0,0.0,0.0,0.6333,633.3,0.0,0.0
2026-07-02T15:56:08.711903,588.3,0,585.0,0.01,10.0,0.0126597,12.659699999999999,0.01,10.0,0.0,0.0,0.6334,633.4,0.0,0.0
2026-07-02T15:56:23.711855,603.3,0,600.0,0.01,10.0,0.0125753,12.575299999999999,0.01,10.0,0.0,0.0,0.6334,633.4,0.0,0.0
2026-07-02T15:56:38.717898,618.3,0,615.0,0.01,10.0,0.0124631,12.463099999999999,0.01,10.0,0.0,0.0,0.6333,633.3,0.0,0.0
2026-07-02T15:56:53.718538,633.3,0,630.0,0.01,10.0,0.0124531,12.4531,0.01,10.0,0.0,0.0,0.6335,633.5,0.0,0.0
2026-07-02T15:57:08.714581,648.3,0,645.0,0.01,10.0,0.0123671,12.3671,0.01,10.0,0.0,0.0,0.6334,633.4,0.0,0.0
2026-07-02T15:57:23.719646,663.3,0,660.0,0.01,10.0,0.0122175,12.2175,0.01,10.0,0.0,0.0,0.6332,633.1999999999999,0.0,0.0
2026-07-02T15:57:38.713734,678.3,0,675.0,0.01,10.0,0.0121847,12.1847,0.01,10.0,0.0,0.0,0.6331,633.1,0.0,0.0
2026-07-02T15:57:53.717280,693.3,0,690.0,0.01,10.0,0.0121277,12.1277,0.01,10.0,0.0,0.0,0.6334,633.4,0.0,0.0
2026-07-02T15:58:08.714718,708.3,0,705.0,0.01,10.0,0.0120983,12.0983,0.01,10.0,0.0,0.0,0.6333,633.3,0.0,0.0
2026-07-02T15:58:23.717595,723.3,0,720.0,0.01,10.0,0.0119878,11.9878,0.01,10.0,0.0,0.0,0.6333,633.3,0.0,0.0
2026-07-02T15:58:38.714874,738.3,0,735.0,0.01,10.0,0.0119387,11.9387,0.01,10.0,0.0,0.0,0.6334,633.4,0.0,0.0
2026-07-02T15:58:53.720670,753.3,0,750.0,0.01,10.0,0.0119026,11.9026,0.01,10.0,0.0,0.0,0.6333,633.3,0.0,0.0
2026-07-02T15:59:08.712598,768.3,0,765.0,0.01,10.0,0.0118668,11.8668,0.01,10.0,0.0,0.0,0.6332,633.1999999999999,0.0,0.0
2026-07-02T15:59:23.714656,783.3,0,780.0,0.01,10.0,0.0118423,11.8423,0.01,10.0,0.0,0.0,0.6331,633.1,0.0,0.0
2026-07-02T15:59:38.717977,798.3,0,795.0,0.01,10.0,0.011802,11.802,0.01,10.0,0.0,0.0,0.6333,633.3,0.0,0.0
2026-07-02T15:59:53.719984,813.3,0,810.0,0.01,10.0,0.0117305,11.7305,0.01,10.0,0.0,0.0,0.6332,633.1999999999999,0.0,0.0
2026-07-02T16:00:08.720344,828.3,0,825.0,0.01,10.0,0.0116977,11.6977,0.01,10.0,0.0,0.0,0.6333,633.3,0.0,0.0
2026-07-02T16:00:23.717855,843.3,0,840.0,0.01,10.0,0.0116638,11.6638,0.01,10.0,0.0,0.0,0.6331,633.1,0.0,0.0
2026-07-02T16:00:38.712333,858.3,0,855.0,0.01,10.0,0.011632,11.632,0.01,10.0,0.0,0.0,0.6334,633.4,0.0,0.0
2026-07-02T16:00:53.717583,873.3,0,870.0,0.01,10.0,0.0116074,11.6074,0.01,10.0,0.0,0.0,0.6334,633.4,0.0,0.0
2026-07-02T16:01:08.720330,888.3,0,885.0,0.01,10.0,0.0115629,11.562899999999999,0.01,10.0,0.0,0.0,0.6333,633.3,0.0,0.0
2026-07-02T16:01:23.712800,903.3,0,900.0,0.01,10.0,0.0115212,11.5212,0.01,10.0,0.0,0.0,0.633,633.0,0.0,0.0
2026-07-02T16:01:38.718412,918.3,0,915.0,0.01,10.0,0.0114684,11.4684,0.01,10.0,0.0,0.0,0.6331,633.1,0.0,0.0
2026-07-02T16:01:53.717730,933.3,0,930.0,0.01,10.0,0.0114237,11.4237,0.01,10.0,0.0,0.0,0.6329,632.9,0.0,0.0
2026-07-02T16:02:08.714591,948.3,0,945.0,0.01,10.0,0.0113953,11.3953,0.01,10.0,0.0,0.0,0.6331,633.1,0.0,0.0
2026-07-02T16:02:23.716195,963.3,0,960.0,0.01,10.0,0.0113558,11.355799999999999,0.01,10.0,0.0,0.0,0.6332,633.1999999999999,0.0,0.0
2026-07-02T16:02:38.716244,978.3,0,975.0,0.01,10.0,0.011309,11.309,0.01,10.0,0.0,0.0,0.6332,633.1999999999999,0.0,0.0
2026-07-02T16:02:53.720586,993.3,0,990.0,0.01,10.0,0.0112998,11.299800000000001,0.01,10.0,0.0,0.0,0.6331,633.1,0.0,0.0
2026-07-02T16:03:08.712427,1008.3,0,1005.0,0.01,10.0,0.01125,11.25,0.01,10.0,0.0,0.0,0.633,633.0,0.0,0.0
2026-07-02T16:03:23.712456,1023.3,0,1020.0,0.01,10.0,0.0112133,11.2133,0.01,10.0,0.0,0.0,0.6331,633.1,0.0,0.0
2026-07-02T16:03:38.717315,1038.3,0,1035.0,0.01,10.0,0.0111701,11.1701,0.01,10.0,0.0,0.0,0.633,633.0,0.0,0.0
2026-07-02T16:03:53.713024,1053.3,0,1050.0,0.01,10.0,0.0111708,11.1708,0.01,10.0,0.0,0.0,0.633,633.0,0.0,0.0
2026-07-02T16:04:08.713341,1068.3,0,1065.0,0.01,10.0,0.01112,11.12,0.01,10.0,0.0,0.0,0.6327,632.7,0.0,0.0
2026-07-02T16:04:23.713797,1083.3,0,1080.0,0.01,10.0,0.0110767,11.0767,0.01,10.0,0.0,0.0,0.6332,633.1999999999999,0.0,0.0
2026-07-02T16:04:38.717904,1098.3,0,1095.0,0.01,10.0,0.0110557,11.0557,0.01,10.0,0.0,0.0,0.6328,632.8000000000001,0.0,0.0
2026-07-02T16:04:53.714083,1113.3,0,1110.0,0.01,10.0,0.0110106,11.0106,0.01,10.0,0.0,0.0,0.6329,632.9,0.0,0.0
2026-07-02T16:05:08.713954,1128.3,0,1125.0,0.01,10.0,0.0109903,10.9903,0.01,10.0,0.0,0.0,0.6328,632.8000000000001,0.0,0.0
2026-07-02T16:05:23.711923,1143.3,0,1140.0,0.01,10.0,0.010949,10.949,0.01,10.0,0.0,0.0,0.6329,632.9,0.0,0.0
2026-07-02T16:05:38.717511,1158.3,0,1155.0,0.01,10.0,0.0109175,10.9175,0.01,10.0,0.0,0.0,0.6328,632.8000000000001,0.0,0.0
2026-07-02T16:05:53.716721,1173.3,0,1170.0,0.01,10.0,0.0108916,10.8916,0.01,10.0,0.0,0.0,0.6327,632.7,0.0,0.0
2026-07-02T16:06:08.720315,1188.3,0,1185.0,0.01,10.0,0.0108546,10.854600000000001,0.01,10.0,0.0,0.0,0.6328,632.8000000000001,0.0,0.0
2026-07-02T16:06:23.712126,1203.3,0,1200.0,0.01,10.0,0.0108198,10.819799999999999,0.01,10.0,0.0,0.0,0.6326,632.6,0.0,0.0
2026-07-02T16:06:38.718609,1218.3,0,1215.0,0.01,10.0,0.010788,10.788,0.01,10.0,0.0,0.0,0.6329,632.9,0.0,0.0
2026-07-02T16:06:53.719842,1233.3,0,1230.0,0.01,10.0,0.01076,10.76,0.01,10.0,0.0,0.0,0.6328,632.8000000000001,0.0,0.0
2026-07-02T16:07:08.712056,1248.3,0,1245.0,0.01,10.0,0.0107422,10.7422,0.01,10.0,0.0,0.0,0.6331,633.1,0.0,0.0
2026-07-02T16:07:23.714533,1263.3,0,1260.0,0.01,10.0,0.0107201,10.7201,0.01,10.0,0.0,0.0,0.6328,632.8000000000001,0.0,0.0
2026-07-02T16:07:38.711743,1278.3,0,1275.0,0.01,10.0,0.0106533,10.6533,0.01,10.0,0.0,0.0,0.6325,632.5,0.0,0.0
2026-07-02T16:07:53.717394,1293.3,0,1290.0,0.01,10.0,0.0106461,10.6461,0.01,10.0,0.0,0.0,0.6329,632.9,0.0,0.0
2026-07-02T16:08:08.714179,1308.3,0,1305.0,0.01,10.0,0.0106464,10.6464,0.01,10.0,0.0,0.0,0.6329,632.9,0.0,0.0
2026-07-02T16:08:23.716701,1323.3,0,1320.0,0.01,10.0,0.0105774,10.5774,0.01,10.0,0.0,0.0,0.6328,632.8000000000001,0.0,0.0
2026-07-02T16:08:38.718251,1338.3,0,1335.0,0.01,10.0,0.0105751,10.5751,0.01,10.0,0.0,0.0,0.6326,632.6,0.0,0.0
2026-07-02T16:08:53.713952,1353.3,0,1350.0,0.01,10.0,0.0105124,10.5124,0.01,10.0,0.0,0.0,0.6328,632.8000000000001,0.0,0.0
2026-07-02T16:09:08.717692,1368.3,0,1365.0,0.01,10.0,0.0105083,10.5083,0.01,10.0,0.0,0.0,0.6327,632.7,0.0,0.0
2026-07-02T16:09:23.718254,1383.3,0,1380.0,0.01,10.0,0.0104811,10.4811,0.01,10.0,0.0,0.0,0.6328,632.8000000000001,0.0,0.0
2026-07-02T16:09:38.717570,1398.3,0,1395.0,0.01,10.0,0.0104472,10.4472,0.01,10.0,0.0,0.0,0.6329,632.9,0.0,0.0
2026-07-02T16:09:53.717198,1413.3,0,1410.0,0.01,10.0,0.0104157,10.4157,0.01,10.0,0.0,0.0,0.6329,632.9,0.0,0.0
2026-07-02T16:10:08.718931,1428.3,0,1425.0,0.01,10.0,0.0104033,10.403300000000002,0.01,10.0,0.0,0.0,0.6328,632.8000000000001,0.0,0.0
2026-07-02T16:10:23.712247,1443.3,0,1440.0,0.01,10.0,0.0103527,10.352699999999999,0.01,10.0,0.0,0.0,0.6324,632.4,0.0,0.0
2026-07-02T16:10:38.711867,1458.3,0,1455.0,0.01,10.0,0.0103487,10.348700000000001,0.01,10.0,0.0,0.0,0.6327,632.7,0.0,0.0
2026-07-02T16:10:53.717750,1473.3,0,1470.0,0.01,10.0,0.0103065,10.3065,0.01,10.0,0.0,0.0,0.6326,632.6,0.0,0.0
2026-07-02T16:11:08.713240,1488.3,0,1485.0,0.01,10.0,0.0103046,10.3046,0.01,10.0,0.0,0.0,0.6324,632.4,0.0,0.0
2026-07-02T16:11:23.712581,1503.3,0,1500.0,0.01,10.0,0.0102678,10.267800000000001,0.01,10.0,0.0,0.0,0.6325,632.5,0.0,0.0
2026-07-02T16:11:38.711951,1518.3,0,1515.0,0.01,10.0,0.0102458,10.2458,0.01,10.0,0.0,0.0,0.6326,632.6,0.0,0.0
2026-07-02T16:11:53.712163,1533.3,0,1530.0,0.01,10.0,0.0102136,10.2136,0.01,10.0,0.0,0.0,0.6326,632.6,0.0,0.0
2026-07-02T16:12:08.720548,1548.3,0,1545.0,0.01,10.0,0.0102043,10.2043,0.01,10.0,0.0,0.0,0.6324,632.4,0.0,0.0
2026-07-02T16:12:23.721017,1563.3,0,1560.0,0.01,10.0,0.0101668,10.1668,0.01,10.0,0.0,0.0,0.6322,632.1999999999999,0.0,0.0
2026-07-02T16:12:38.717202,1578.3,0,1575.0,0.01,10.0,0.0101533,10.1533,0.01,10.0,0.0,0.0,0.6327,632.7,0.0,0.0
2026-07-02T16:12:53.712470,1593.3,0,1590.0,0.01,10.0,0.0101066,10.1066,0.01,10.0,0.0,0.0,0.6324,632.4,0.0,0.0
2026-07-02T16:13:08.717541,1608.3,0,1605.0,0.01,10.0,0.0100947,10.0947,0.01,10.0,0.0,0.0,0.6323,632.3,0.0,0.0
2026-07-02T16:13:23.720917,1623.3,0,1620.0,0.01,10.0,0.0100756,10.0756,0.01,10.0,0.0,0.0,0.6323,632.3,0.0,0.0
2026-07-02T16:13:38.712148,1638.3,0,1635.0,0.01,10.0,0.0100524,10.052399999999999,0.01,10.0,0.0,0.0,0.6326,632.6,0.0,0.0
2026-07-02T16:13:53.712160,1653.3,0,1650.0,0.01,10.0,0.0100394,10.0394,0.01,10.0,0.0,0.0,0.6323,632.3,0.0,0.0
2026-07-02T16:14:08.716837,1668.3,0,1665.0,0.01,10.0,0.0100064,10.006400000000001,0.01,10.0,0.0,0.0,0.6321,632.1,0.0,0.0
2026-07-02T16:14:23.712086,1683.3,0,1680.0,0.01,10.0,0.0099887,9.9887,0.01,10.0,0.0,0.0,0.6322,632.1999999999999,0.0,0.0
2026-07-02T16:14:38.716553,1698.3,0,1695.0,0.01,10.0,0.0099383,9.9383,0.01,10.0,0.0,0.0,0.6325,632.5,0.0,0.0
2026-07-02T16:14:53.721633,1713.3,0,1710.0,0.01,10.0,0.009935,9.934999999999999,0.01,10.0,0.0,0.0,0.6323,632.3,0.0,0.0
2026-07-02T16:15:08.719025,1728.3,0,1725.0,0.01,10.0,0.0098947,9.894699999999998,0.01,10.0,0.0,0.0,0.6323,632.3,0.0,0.0
2026-07-02T16:15:23.717657,1743.3,0,1740.0,0.01,10.0,0.0098297,9.8297,0.01,10.0,0.0,0.0,0.6324,632.4,0.0,0.0
2026-07-02T16:15:38.720467,1758.3,0,1755.0,0.01,10.0,0.0098056,9.8056,0.01,10.0,0.0,0.0,0.6323,632.3,0.0,0.0
2026-07-02T16:15:53.717532,1773.3,0,1770.0,0.01,10.0,0.0097826,9.7826,0.01,10.0,0.0,0.0,0.6322,632.1999999999999,0.0,0.0
2026-07-02T16:16:08.714160,1788.3,0,1785.0,0.01,10.0,0.0097775,9.7775,0.01,10.0,1e-09,0.001,0.6321,632.1,0.0,0.0
2026-07-02T16:16:23.713431,1803.3,0,1800.0,0.01,10.0,0.0096913,9.6913,0.01,10.0,2e-09,0.002,0.6322,632.1999999999999,0.0,0.0
2026-07-02T16:16:38.711937,1818.3,0,1815.0,0.01,10.0,0.0096761,9.6761,0.01,10.0,2e-09,0.002,0.6323,632.3,0.0,0.0
2026-07-02T16:16:53.712318,1833.3,0,1830.0,0.01,10.0,0.0096549,9.6549,0.01,10.0,3e-09,0.003,0.6322,632.1999999999999,0.0,0.0
2026-07-02T16:17:08.712967,1848.3,0,1845.0,0.01,10.0,0.0096112,9.6112,0.01,10.0,5e-09,0.005,0.6321,632.1,0.0,0.0
2026-07-02T16:17:23.720711,1863.3,0,1860.0,0.01,10.0,0.0095545,9.5545,0.01,10.0,7e-09,0.007,0.632,632.0,0.0,0.0
2026-07-02T16:17:38.720023,1878.3,0,1875.0,0.01,10.0,0.009526,9.526,0.01,10.0,7e-09,0.007,0.6322,632.1999999999999,0.0,0.0
2026-07-02T16:17:53.717935,1893.3,0,1890.0,0.01,10.0,0.0095218,9.5218,0.01,10.0,1.1e-08,0.011,0.6319,631.9,0.0,0.0
2026-07-02T16:18:08.719068,1908.3,0,1905.0,0.01,10.0,0.0094858,9.485800000000001,0.01,10.0,1.4e-08,0.014,0.6321,632.1,0.0,0.0
2026-07-02T16:18:23.714700,1923.3,0,1920.0,0.01,10.0,0.0094458,9.4458,0.01,10.0,1.7e-08,0.017,0.632,632.0,0.0,0.0
2026-07-02T16:18:38.717621,1938.3,0,1935.0,0.01,10.0,0.0094295,9.4295,0.01,10.0,2.2e-08,0.022,0.632,632.0,0.0,0.0
2026-07-02T16:18:53.714897,1953.3,0,1950.0,0.01,10.0,0.009375,9.375,0.01,10.0,2.7e-08,0.027,0.6322,632.1999999999999,0.0,0.0
2026-07-02T16:19:08.717755,1968.3,0,1965.0,0.01,10.0,0.0093752,9.3752,0.01,10.0,3.2e-08,0.032,0.632,632.0,0.0,0.0
2026-07-02T16:19:23.717379,1983.3,0,1980.0,0.01,10.0,0.0093362,9.3362,0.01,10.0,4e-08,0.04,0.6318,631.8000000000001,0.0,0.0
2026-07-02T16:19:38.713964,1998.3,0,1995.0,0.01,10.0,0.0092903,9.2903,0.01,10.0,4.7e-08,0.047,0.6323,632.3,0.0,0.0
2026-07-02T16:19:53.722128,2013.3,0,2010.0,0.01,10.0,0.0092927,9.2927,0.01,10.0,5.6e-08,0.056,0.6319,631.9,0.0,0.0
2026-07-02T16:20:08.712483,2028.3,0,2025.0,0.01,10.0,0.0092504,9.2504,0.01,10.0,6.4e-08,0.064,0.6323,632.3,0.0,0.0
2026-07-02T16:20:23.713215,2043.3,0,2040.0,0.01,10.0,0.0092446,9.2446,0.01,10.0,7.4e-08,0.074,0.6321,632.1,0.0,0.0
2026-07-02T16:20:38.717932,2058.3,0,2055.0,0.01,10.0,0.0092208,9.220799999999999,0.01,10.0,8.4e-08,0.08399999999999999,0.6323,632.3,0.0,0.0
2026-07-02T16:20:53.719882,2073.3,0,2070.0,0.01,10.0,0.0091704,9.1704,0.01,10.0,9.5e-08,0.095,0.6319,631.9,0.0,0.0
2026-07-02T16:21:08.714380,2088.3,0,2085.0,0.01,10.0,0.0091459,9.145900000000001,0.01,10.0,1.11e-07,0.111,0.6322,632.1999999999999,0.0,0.0
2026-07-02T16:21:23.713379,2103.3,0,2100.0,0.01,10.0,0.0091037,9.1037,0.01,10.0,1.26e-07,0.126,0.6321,632.1,0.0,0.0
2026-07-02T16:21:38.713450,2118.3,0,2115.0,0.01,10.0,0.0090844,9.084399999999999,0.01,10.0,1.42e-07,0.142,0.6323,632.3,0.0,0.0
2026-07-02T16:21:53.718103,2133.3,0,2130.0,0.01,10.0,0.009105,9.105,0.01,10.0,1.62e-07,0.162,0.632,632.0,0.0,0.0
2026-07-02T16:22:08.718445,2148.3,0,2145.0,0.01,10.0,0.0090451,9.0451,0.01,10.0,1.74e-07,0.174,0.632,632.0,0.0,0.0
2026-07-02T16:22:23.717763,2163.3,0,2160.0,0.01,10.0,0.0090299,9.0299,0.01,10.0,1.96e-07,0.196,0.6319,631.9,0.0,0.0
2026-07-02T16:22:38.720872,2178.3,0,2175.0,0.01,10.0,0.0090016,9.0016,0.01,10.0,2.22e-07,0.222,0.6321,632.1,0.0,0.0
2026-07-02T16:22:53.718576,2193.3,0,2190.0,0.01,10.0,0.0089688,8.9688,0.01,10.0,2.48e-07,0.248,0.6321,632.1,0.0,0.0
2026-07-02T16:23:08.713039,2208.3,0,2205.0,0.01,10.0,0.0089435,8.9435,0.01,10.0,2.71e-07,0.27099999999999996,0.6322,632.1999999999999,0.0,0.0
2026-07-02T16:23:23.718808,2223.3,0,2220.0,0.01,10.0,0.0089454,8.9454,0.01,10.0,2.95e-07,0.295,0.6319,631.9,0.0,0.0
2026-07-02T16:23:38.717000,2238.3,0,2235.0,0.01,10.0,0.008939,8.939,0.01,10.0,3.28e-07,0.328,0.6321,632.1,0.0,0.0
2026-07-02T16:23:53.716752,2253.3,0,2250.0,0.01,10.0,0.0089208,8.9208,0.01,10.0,3.61e-07,0.36100000000000004,0.6319,631.9,0.0,0.0
2026-07-02T16:24:08.711974,2268.3,0,2265.0,0.01,10.0,0.0089086,8.9086,0.01,10.0,3.9e-07,0.39,0.6318,631.8000000000001,0.0,0.0
2026-07-02T16:24:23.720865,2283.3,0,2280.0,0.01,10.0,0.0088819,8.8819,0.01,10.0,4.27e-07,0.427,0.6318,631.8000000000001,0.0,0.0
2026-07-02T16:24:38.713018,2298.3,0,2295.0,0.01,10.0,0.0088585,8.8585,0.01,10.0,4.61e-07,0.461,0.6319,631.9,0.0,0.0
2026-07-02T16:24:53.716118,2313.3,0,2310.0,0.01,10.0,0.0088625,8.8625,0.01,10.0,5.02e-07,0.502,0.632,632.0,0.0,0.0
2026-07-02T16:25:08.716452,2328.3,0,2325.0,0.01,10.0,0.0088359,8.8359,0.01,10.0,5.49e-07,0.5489999999999999,0.6319,631.9,0.0,0.0
2026-07-02T16:25:23.715635,2343.3,0,2340.0,0.01,10.0,0.00881,8.81,0.01,10.0,5.87e-07,0.587,0.6319,631.9,0.0,0.0
2026-07-02T16:25:38.717919,2358.3,0,2355.0,0.01,10.0,0.0088363,8.8363,0.01,10.0,6.34e-07,0.634,0.6321,632.1,0.0,0.0
2026-07-02T16:25:53.720375,2373.3,0,2370.0,0.01,10.0,0.0087974,8.7974,0.01,10.0,6.78e-07,0.678,0.6319,631.9,0.0,0.0
2026-07-02T16:26:08.718753,2388.3,0,2385.0,0.01,10.0,0.0087839,8.783900000000001,0.01,10.0,7.23e-07,0.723,0.6318,631.8000000000001,0.0,0.0
2026-07-02T16:26:23.717592,2403.3,0,2400.0,0.01,10.0,0.0087848,8.7848,0.01,10.0,7.76e-07,0.7759999999999999,0.6318,631.8000000000001,0.0,0.0
2026-07-02T16:26:38.712646,2418.3,0,2415.0,0.01,10.0,0.008766,8.766,0.01,10.0,8.28e-07,0.828,0.6319,631.9,0.0,0.0
2026-07-02T16:26:53.718433,2433.3,0,2430.0,0.01,10.0,0.0087749,8.7749,0.01,10.0,8.8e-07,0.88,0.6318,631.8000000000001,0.0,0.0
2026-07-02T16:27:08.715075,2448.3,0,2445.0,0.01,10.0,0.0087909,8.7909,0.01,10.0,9.39e-07,0.9390000000000001,0.632,632.0,0.0,0.0
2026-07-02T16:27:23.717752,2463.3,0,2460.0,0.01,10.0,0.008783,8.783,0.01,10.0,9.94e-07,0.9939999999999999,0.6317,631.7,0.0,0.0
2026-07-02T16:27:38.712385,2478.3,0,2475.0,0.01,10.0,0.0087703,8.7703,0.01,10.0,1.052e-06,1.052,0.6316,631.6,0.0,0.0
2026-07-02T16:27:53.717836,2493.3,0,2490.0,0.01,10.0,0.0087746,8.774600000000001,0.01,10.0,1.114e-06,1.114,0.6318,631.8000000000001,0.0,0.0
2026-07-02T16:28:08.717741,2508.3,0,2505.0,0.01,10.0,0.0087765,8.7765,0.01,10.0,1.189e-06,1.189,0.6315,631.5,0.0,0.0
2026-07-02T16:28:23.722736,2523.3,0,2520.0,0.01,10.0,0.0087668,8.7668,0.01,10.0,1.236e-06,1.236,0.6318,631.8000000000001,0.0,0.0
2026-07-02T16:28:38.717479,2538.3,0,2535.0,0.01,10.0,0.0087531,8.7531,0.01,10.0,1.307e-06,1.307,0.6316,631.6,0.0,0.0
2026-07-02T16:28:53.712547,2553.3,0,2550.0,0.01,10.0,0.0087973,8.7973,0.01,10.0,1.368e-06,1.368,0.6317,631.7,0.0,0.0
2026-07-02T16:29:08.715289,2568.3,0,2565.0,0.01,10.0,0.0088096,8.809600000000001,0.01,10.0,1.444e-06,1.4440000000000002,0.6318,631.8000000000001,0.0,0.0
2026-07-02T16:29:23.714642,2583.3,0,2580.0,0.01,10.0,0.0088189,8.8189,0.01,10.0,1.512e-06,1.512,0.6316,631.6,0.0,0.0
2026-07-02T16:29:38.716917,2598.3,0,2595.0,0.01,10.0,0.0088382,8.838199999999999,0.01,10.0,1.566e-06,1.5659999999999998,0.6318,631.8000000000001,0.0,0.0
2026-07-02T16:29:53.712177,2613.3,0,2610.0,0.01,10.0,0.0088627,8.8627,0.01,10.0,1.641e-06,1.641,0.6316,631.6,0.0,0.0
2026-07-02T16:30:08.721581,2628.3,0,2625.0,0.01,10.0,0.0088804,8.8804,0.01,10.0,1.711e-06,1.711,0.6315,631.5,0.0,0.0
2026-07-02T16:30:23.720630,2643.3,0,2640.0,0.01,10.0,0.008926,8.926,0.01,10.0,1.775e-06,1.775,0.6316,631.6,0.0,0.0
2026-07-02T16:30:38.712276,2658.3,0,2655.0,0.01,10.0,0.0089252,8.9252,0.01,10.0,1.836e-06,1.836,0.6318,631.8000000000001,0.0,0.0
2026-07-02T16:30:53.717473,2673.3,0,2670.0,0.01,10.0,0.0089338,8.9338,0.01,10.0,1.91e-06,1.91,0.6318,631.8000000000001,0.0,0.0
2026-07-02T16:31:08.711912,2688.3,0,2685.0,0.01,10.0,0.0090314,9.0314,0.01,10.0,1.96e-06,1.96,0.6315,631.5,0.0,0.0
2026-07-02T16:31:23.717483,2703.3,0,2700.0,0.01,10.0,0.0090472,9.0472,0.01,10.0,2.03e-06,2.0300000000000002,0.6315,631.5,0.0,0.0
2026-07-02T16:31:38.713957,2718.3,0,2715.0,0.01,10.0,0.0091102,9.1102,0.01,10.0,2.089e-06,2.089,0.6315,631.5,0.0,0.0
2026-07-02T16:31:53.714081,2733.3,0,2730.0,0.01,10.0,0.0091277,9.1277,0.01,10.0,2.145e-06,2.1449999999999996,0.6313,631.3,0.0,0.0
2026-07-02T16:32:08.717955,2748.3,0,2745.0,0.01,10.0,0.0092049,9.2049,0.01,10.0,2.198e-06,2.198,0.6318,631.8000000000001,0.0,0.0
2026-07-02T16:32:23.719918,2763.3,0,2760.0,0.01,10.0,0.0092355,9.2355,0.01,10.0,2.238e-06,2.238,0.6315,631.5,0.0,0.0
2026-07-02T16:32:38.712769,2778.3,0,2775.0,0.01,10.0,0.0093184,9.318399999999999,0.01,10.0,2.276e-06,2.276,0.6315,631.5,0.0,0.0
2026-07-02T16:32:53.715521,2793.3,0,2790.0,0.01,10.0,0.0093631,9.3631,0.01,10.0,2.316e-06,2.316,0.6313,631.3,0.0,0.0
2026-07-02T16:33:08.717872,2808.3,0,2805.0,0.01,10.0,0.0094299,9.4299,0.01,10.0,2.355e-06,2.355,0.6314,631.4,0.0,0.0
2026-07-02T16:33:23.711756,2823.3,0,2820.0,0.01,10.0,0.0094993,9.4993,0.01,10.0,2.401e-06,2.401,0.6314,631.4,0.0,0.0
2026-07-02T16:33:38.712215,2838.3,0,2835.0,0.01,10.0,0.0095962,9.5962,0.01,10.0,2.422e-06,2.4219999999999997,0.6315,631.5,0.0,0.0
2026-07-02T16:33:53.717318,2853.3,0,2850.0,0.01,10.0,0.0096445,9.6445,0.01,10.0,2.436e-06,2.436,0.6317,631.7,0.0,0.0
2026-07-02T16:34:08.712323,2868.3,0,2865.0,0.01,10.0,0.0097249,9.7249,0.01,10.0,2.446e-06,2.446,0.6312,631.1999999999999,0.0,0.0
2026-07-02T16:34:23.711834,2883.3,0,2880.0,0.01,10.0,0.0097872,9.787199999999999,0.01,10.0,2.463e-06,2.463,0.6313,631.3,0.0,0.0
2026-07-02T16:34:38.716672,2898.3,0,2895.0,0.01,10.0,0.0098962,9.8962,0.01,10.0,2.448e-06,2.448,0.6315,631.5,0.0,0.0
2026-07-02T16:34:53.719617,2913.3,0,2910.0,0.01,10.0,0.0099776,9.977599999999999,0.01,10.0,2.45e-06,2.4499999999999997,0.6314,631.4,0.0,0.0
2026-07-02T16:35:08.715350,2928.3,0,2925.0,0.01,10.0,0.0100421,10.0421,0.01,10.0,2.446e-06,2.446,0.6311,631.1,0.0,0.0
2026-07-02T16:35:23.721445,2943.3,0,2940.0,0.01,10.0,0.0100978,10.097800000000001,0.01,10.0,2.436e-06,2.436,0.6313,631.3,0.0,0.0
2026-07-02T16:35:38.720501,2958.3,0,2955.0,0.01,10.0,0.0101259,10.1259,0.01,10.0,2.418e-06,2.418,0.6314,631.4,0.0,0.0
2026-07-02T16:35:53.717276,2973.3,0,2970.0,0.01,10.0,0.0101724,10.1724,0.01,10.0,2.401e-06,2.401,0.6318,631.8000000000001,0.0,0.0
2026-07-02T16:36:08.713123,2988.3,0,2985.0,0.01,10.0,0.0102554,10.2554,0.01,10.0,2.375e-06,2.375,0.6312,631.1999999999999,0.0,0.0
2026-07-02T16:36:23.712661,3003.3,0,3000.0,0.01,10.0,0.0103205,10.3205,0.01,10.0,2.339e-06,2.339,0.6313,631.3,0.0,0.0
2026-07-02T16:36:38.712708,3018.3,0,3015.0,0.01,10.0,0.0103529,10.3529,0.01,10.0,2.31e-06,2.31,0.6314,631.4,0.0,0.0
2026-07-02T16:36:53.719741,3033.3,0,3030.0,0.01,10.0,0.0104177,10.4177,0.01,10.0,2.278e-06,2.278,0.631,631.0,0.0,0.0
2026-07-02T16:37:08.719460,3048.3,0,3045.0,0.01,10.0,0.0104776,10.4776,0.01,10.0,2.234e-06,2.234,0.6311,631.1,0.0,0.0
2026-07-02T16:37:23.712727,3063.3,0,3060.0,0.01,10.0,0.0105541,10.5541,0.01,10.0,2.196e-06,2.1959999999999997,0.6311,631.1,0.0,0.0
2026-07-02T16:37:38.718914,3078.3,0,3075.0,0.01,10.0,0.0105874,10.5874,0.01,10.0,2.16e-06,2.16,0.6311,631.1,0.0,0.0
2026-07-02T16:37:53.714177,3093.3,0,3090.0,0.01,10.0,0.0106307,10.6307,0.01,10.0,2.097e-06,2.097,0.6312,631.1999999999999,0.0,0.0
2026-07-02T16:38:08.712245,3108.3,0,3105.0,0.01,10.0,0.0106811,10.6811,0.01,10.0,2.045e-06,2.045,0.6312,631.1999999999999,0.0,0.0
2026-07-02T16:38:23.713934,3123.3,0,3120.0,0.01,10.0,0.0107465,10.746500000000001,0.01,10.0,1.991e-06,1.991,0.6312,631.1999999999999,0.0,0.0
2026-07-02T16:38:38.713454,3138.3,0,3135.0,0.01,10.0,0.0107905,10.7905,0.01,10.0,1.941e-06,1.941,0.6312,631.1999999999999,0.0,0.0
2026-07-02T16:38:53.718083,3153.3,0,3150.0,0.01,10.0,0.0108176,10.8176,0.01,10.0,1.874e-06,1.8739999999999999,0.6313,631.3,0.0,0.0
2026-07-02T16:39:08.711873,3168.3,0,3165.0,0.01,10.0,0.0108662,10.8662,0.01,10.0,1.815e-06,1.815,0.6311,631.1,0.0,0.0
2026-07-02T16:39:23.717879,3183.3,0,3180.0,0.01,10.0,0.010893,10.893,0.01,10.0,1.754e-06,1.754,0.6313,631.3,0.0,0.0
2026-07-02T16:39:38.712101,3198.3,0,3195.0,0.01,10.0,0.0109267,10.926699999999999,0.01,10.0,1.699e-06,1.6989999999999998,0.6312,631.1999999999999,0.0,0.0
2026-07-02T16:39:53.713995,3213.3,0,3210.0,0.01,10.0,0.0109759,10.975900000000001,0.01,10.0,1.634e-06,1.634,0.6311,631.1,0.0,0.0
2026-07-02T16:40:08.713696,3228.3,0,3225.0,0.01,10.0,0.0109938,10.9938,0.01,10.0,1.575e-06,1.575,0.6313,631.3,0.0,0.0
2026-07-02T16:40:23.717763,3243.3,0,3240.0,0.01,10.0,0.0110362,11.0362,0.01,10.0,1.507e-06,1.507,0.6313,631.3,0.0,0.0
2026-07-02T16:40:38.717365,3258.3,0,3255.0,0.01,10.0,0.0110778,11.0778,0.01,10.0,1.442e-06,1.442,0.6312,631.1999999999999,0.0,0.0
2026-07-02T16:40:53.718437,3273.3,0,3270.0,0.01,10.0,0.0110808,11.0808,0.01,10.0,1.386e-06,1.386,0.6314,631.4,0.0,0.0
2026-07-02T16:41:08.720046,3288.3,0,3285.0,0.01,10.0,0.0111136,11.1136,0.01,10.0,1.313e-06,1.313,0.6312,631.1999999999999,0.0,0.0
2026-07-02T16:41:23.717392,3303.3,0,3300.0,0.01,10.0,0.0111592,11.159199999999998,0.01,10.0,1.261e-06,1.2610000000000001,0.6314,631.4,0.0,0.0
2026-07-02T16:41:38.713397,3318.3,0,3315.0,0.01,10.0,0.0111551,11.1551,0.01,10.0,1.191e-06,1.1909999999999998,0.6313,631.3,0.0,0.0
2026-07-02T16:41:53.718398,3333.3,0,3330.0,0.01,10.0,0.011183,11.183,0.01,10.0,1.129e-06,1.129,0.6313,631.3,0.0,0.0
2026-07-02T16:42:08.715434,3348.3,0,3345.0,0.01,10.0,0.0111827,11.1827,0.01,10.0,1.069e-06,1.069,0.6311,631.1,0.0,0.0
2026-07-02T16:42:23.712715,3363.3,0,3360.0,0.01,10.0,0.0111964,11.1964,0.01,10.0,1.009e-06,1.009,0.6313,631.3,0.0,0.0
2026-07-02T16:42:38.714789,3378.3,0,3375.0,0.01,10.0,0.0112141,11.2141,0.01,10.0,9.47e-07,0.947,0.6313,631.3,0.0,0.0
2026-07-02T16:42:53.712963,3393.3,0,3390.0,0.01,10.0,0.0112224,11.2224,0.01,10.0,9.01e-07,0.901,0.631,631.0,0.0,0.0
2026-07-02T16:43:08.712168,3408.3,0,3405.0,0.01,10.0,0.0112215,11.2215,0.01,10.0,8.39e-07,0.8390000000000001,0.6313,631.3,0.0,0.0
2026-07-02T16:43:23.716873,3423.3,0,3420.0,0.01,10.0,0.0112262,11.2262,0.01,10.0,7.91e-07,0.791,0.6314,631.4,0.0,0.0
2026-07-02T16:43:38.713116,3438.3,0,3435.0,0.01,10.0,0.0112223,11.222299999999999,0.01,10.0,7.36e-07,0.736,0.6313,631.3,0.0,0.0
2026-07-02T16:43:53.717625,3453.3,0,3450.0,0.01,10.0,0.011195,11.195,0.01,10.0,6.91e-07,0.6910000000000001,0.6313,631.3,0.0,0.0
2026-07-02T16:44:08.712144,3468.3,0,3465.0,0.01,10.0,0.0112087,11.2087,0.01,10.0,6.44e-07,0.644,0.6313,631.3,0.0,0.0
2026-07-02T16:44:23.712314,3483.3,0,3480.0,0.01,10.0,0.0112235,11.223500000000001,0.01,10.0,5.97e-07,0.597,0.6311,631.1,0.0,0.0
2026-07-02T16:44:38.718067,3498.3,0,3495.0,0.01,10.0,0.0111972,11.197199999999999,0.01,10.0,5.57e-07,0.557,0.6311,631.1,0.0,0.0
2026-07-02T16:44:53.718389,3513.3,0,3510.0,0.01,10.0,0.0112106,11.2106,0.01,10.0,5.15e-07,0.515,0.6313,631.3,0.0,0.0
2026-07-02T16:45:08.719221,3528.3,0,3525.0,0.01,10.0,0.0111844,11.1844,0.01,10.0,4.75e-07,0.475,0.6311,631.1,0.0,0.0
2026-07-02T16:45:23.716458,3543.3,0,3540.0,0.01,10.0,0.0111737,11.1737,0.01,10.0,4.4e-07,0.44,0.6309,630.9,0.0,0.0
2026-07-02T16:45:38.712388,3558.3,0,3555.0,0.01,10.0,0.0111394,11.1394,0.01,10.0,4.05e-07,0.40499999999999997,0.6311,631.1,0.0,0.0
2026-07-02T16:45:53.718896,3573.3,0,3570.0,0.01,10.0,0.0111207,11.120700000000001,0.01,10.0,3.67e-07,0.367,0.6311,631.1,0.0,0.0
2026-07-02T16:46:08.712555,3588.3,0,3585.0,0.01,10.0,0.0111128,11.1128,0.01,10.0,3.4e-07,0.33999999999999997,0.6309,630.9,0.0,0.0
2026-07-02T16:46:23.720017,3603.3,0,3600.0,0.01,10.0,0.0110904,11.0904,0.01,10.0,3.1e-07,0.31,0.6309,630.9,0.0,0.0
2026-07-02T16:46:38.713930,3618.3,0,3615.0,0.01,10.0,0.0110942,11.0942,0.01,10.0,2.8e-07,0.28,0.6312,631.1999999999999,0.0,0.0
2026-07-02T16:46:53.721722,3633.3,0,3630.0,0.01,10.0,0.0110477,11.0477,0.01,10.0,2.57e-07,0.257,0.631,631.0,0.0,0.0
2026-07-02T16:47:08.718700,3648.3,0,3645.0,0.01,10.0,0.0110531,11.0531,0.01,10.0,2.33e-07,0.233,0.6312,631.1999999999999,0.0,0.0
2026-07-02T16:47:23.721190,3663.3,0,3660.0,0.01,10.0,0.0110265,11.0265,0.01,10.0,2.12e-07,0.212,0.6311,631.1,0.0,0.0
2026-07-02T16:47:38.717706,3678.3,0,3675.0,0.01,10.0,0.0109871,10.9871,0.01,10.0,1.92e-07,0.192,0.631,631.0,0.0,0.0
2026-07-02T16:47:53.713986,3693.3,0,3690.0,0.01,10.0,0.010952,10.952,0.01,10.0,1.71e-07,0.171,0.6312,631.1999999999999,0.0,0.0
2026-07-02T16:48:08.719204,3708.3,0,3705.0,0.01,10.0,0.0109337,10.9337,0.01,10.0,1.54e-07,0.154,0.6311,631.1,0.0,0.0
2026-07-02T16:48:23.712803,3723.3,0,3720.0,0.01,10.0,0.0109385,10.9385,0.01,10.0,1.37e-07,0.13699999999999998,0.6311,631.1,0.0,0.0
2026-07-02T16:48:38.717233,3738.3,0,3735.0,0.01,10.0,0.0109141,10.9141,0.01,10.0,1.23e-07,0.123,0.6311,631.1,0.0,0.0
2026-07-02T16:48:53.711574,3753.3,0,3750.0,0.01,10.0,0.0108954,10.895399999999999,0.01,10.0,1.08e-07,0.108,0.6311,631.1,0.0,0.0
2026-07-02T16:49:08.717786,3768.3,0,3765.0,0.01,10.0,0.0108346,10.8346,0.01,10.0,9.8e-08,0.098,0.6311,631.1,0.0,0.0
2026-07-02T16:49:23.718107,3783.3,0,3780.0,0.01,10.0,0.0108214,10.8214,0.01,10.0,8.4e-08,0.08399999999999999,0.6309,630.9,0.0,0.0
2026-07-02T16:49:38.713075,3798.3,0,3795.0,0.01,10.0,0.0108082,10.808200000000001,0.01,10.0,7.4e-08,0.074,0.6311,631.1,0.0,0.0
2026-07-02T16:49:53.717967,3813.3,0,3810.0,0.01,10.0,0.0107646,10.7646,0.01,10.0,6.4e-08,0.064,0.6312,631.1999999999999,0.0,0.0
2026-07-02T16:50:08.719488,3828.3,0,3825.0,0.01,10.0,0.0107437,10.7437,0.01,10.0,5.7e-08,0.057,0.631,631.0,0.0,0.0
2026-07-02T16:50:23.718617,3843.3,0,3840.0,0.01,10.0,0.0107273,10.7273,0.01,10.0,4.9e-08,0.049,0.6311,631.1,0.0,0.0
2026-07-02T16:50:38.718702,3858.3,0,3855.0,0.01,10.0,0.0106755,10.6755,0.01,10.0,4.3e-08,0.043000000000000003,0.6312,631.1999999999999,0.0,0.0
2026-07-02T16:50:53.712979,3873.3,0,3870.0,0.01,10.0,0.0106622,10.6622,0.01,10.0,3.7e-08,0.037,0.6312,631.1999999999999,0.0,0.0
2026-07-02T16:51:08.713199,3888.3,0,3885.0,0.01,10.0,0.0106274,10.6274,0.01,10.0,3.1e-08,0.031,0.6311,631.1,0.0,0.0
2026-07-02T16:51:23.720936,3903.3,0,3900.0,0.01,10.0,0.0105984,10.5984,0.01,10.0,2.9e-08,0.029,0.631,631.0,0.0,0.0
2026-07-02T16:51:38.718178,3918.3,0,3915.0,0.01,10.0,0.0105385,10.538499999999999,0.01,10.0,2.3e-08,0.023,0.631,631.0,0.0,0.0
2026-07-02T16:51:53.718025,3933.3,0,3930.0,0.01,10.0,0.0105219,10.5219,0.01,10.0,2e-08,0.02,0.631,631.0,0.0,0.0
2026-07-02T16:52:08.720370,3948.3,0,3945.0,0.01,10.0,0.0105232,10.5232,0.01,10.0,1.7e-08,0.017,0.6313,631.3,0.0,0.0
2026-07-02T16:52:23.712132,3963.3,0,3960.0,0.01,10.0,0.0105021,10.5021,0.01,10.0,1.4e-08,0.014,0.6313,631.3,0.0,0.0
2026-07-02T16:52:38.711746,3978.3,0,3975.0,0.01,10.0,0.0104605,10.4605,0.01,10.0,1.2e-08,0.012,0.631,631.0,0.0,0.0
2026-07-02T16:52:53.717483,3993.3,0,3990.0,0.01,10.0,0.0104289,10.4289,0.01,10.0,9e-09,0.009,0.6311,631.1,0.0,0.0
2026-07-02T16:53:08.721665,4008.3,0,4005.0,0.01,10.0,0.0104042,10.404200000000001,0.01,10.0,8e-09,0.008,0.6311,631.1,0.0,0.0
2026-07-02T16:53:23.713343,4023.3,0,4020.0,0.01,10.0,0.0103848,10.3848,0.01,10.0,6e-09,0.006,0.6311,631.1,0.0,0.0
2026-07-02T16:53:38.713306,4038.3,0,4035.0,0.01,10.0,0.0103462,10.3462,0.01,10.0,5e-09,0.005,0.6311,631.1,0.0,0.0
2026-07-02T16:53:53.712907,4053.3,0,4050.0,0.01,10.0,0.0103171,10.3171,0.01,10.0,4e-09,0.004,0.631,631.0,0.0,0.0
2026-07-02T16:54:08.714223,4068.3,0,4065.0,0.01,10.0,0.0103131,10.3131,0.01,10.0,3e-09,0.003,0.631,631.0,0.0,0.0
2026-07-02T16:54:23.719106,4083.3,0,4080.0,0.01,10.0,0.0102619,10.261899999999999,0.01,10.0,3e-09,0.003,0.6312,631.1999999999999,0.0,0.0
2026-07-02T16:54:38.717393,4098.3,0,4095.0,0.01,10.0,0.0102401,10.2401,0.01,10.0,2e-09,0.002,0.631,631.0,0.0,0.0
2026-07-02T16:54:53.717936,4113.3,0,4110.0,0.01,10.0,0.0102054,10.2054,0.01,10.0,2e-09,0.002,0.6312,631.1999999999999,0.0,0.0
2026-07-02T16:55:08.716888,4128.3,0,4125.0,0.01,10.0,0.010167,10.167,0.01,10.0,1e-09,0.001,0.6309,630.9,0.0,0.0
2026-07-02T16:55:23.718521,4143.3,0,4140.0,0.01,10.0,0.010163,10.163,0.01,10.0,1e-09,0.001,0.6311,631.1,0.0,0.0
2026-07-02T16:55:38.712690,4158.3,0,4155.0,0.01,10.0,0.0101457,10.1457,0.01,10.0,1e-09,0.001,0.631,631.0,0.0,0.0
2026-07-02T16:55:53.712408,4173.3,0,4170.0,0.01,10.0,0.0101192,10.1192,0.01,10.0,1e-09,0.001,0.6312,631.1999999999999,0.0,0.0
2026-07-02T16:56:08.714848,4188.3,0,4185.0,0.01,10.0,0.0100903,10.0903,0.01,10.0,1e-09,0.001,0.6312,631.1999999999999,0.0,0.0
2026-07-02T16:56:23.713718,4203.3,0,4200.0,0.01,10.0,0.0100622,10.0622,0.01,10.0,1e-09,0.001,0.631,631.0,0.0,0.0
2026-07-02T16:56:38.717224,4218.3,0,4215.0,0.01,10.0,0.0100333,10.0333,0.01,10.0,1e-09,0.001,0.631,631.0,0.0,0.0
2026-07-02T16:56:53.717879,4233.3,0,4230.0,0.01,10.0,0.0100185,10.0185,0.01,10.0,1e-09,0.001,0.6309,630.9,0.0,0.0
2026-07-02T16:57:08.712543,4248.3,0,4245.0,0.01,10.0,0.0099697,9.9697,0.01,10.0,1e-09,0.001,0.6311,631.1,0.0,0.0
2026-07-02T16:57:23.713588,4263.3,0,4260.0,0.01,10.0,0.0099206,9.9206,0.01,10.0,1e-09,0.001,0.6312,631.1999999999999,0.0,0.0
2026-07-02T16:57:38.718284,4278.3,0,4275.0,0.01,10.0,0.0098796,9.8796,0.01,10.0,2e-09,0.002,0.6309,630.9,0.0,0.0
2026-07-02T16:57:53.720572,4293.3,0,4290.0,0.01,10.0,0.0098678,9.867799999999999,0.01,10.0,2e-09,0.002,0.6309,630.9,0.0,0.0
2026-07-02T16:58:08.720588,4308.3,0,4305.0,0.01,10.0,0.0098247,9.8247,0.01,10.0,2e-09,0.002,0.6309,630.9,0.0,0.0
2026-07-02T16:58:23.712792,4323.3,0,4320.0,0.01,10.0,0.00977,9.77,0.01,10.0,3e-09,0.003,0.631,631.0,0.0,0.0
2026-07-02T16:58:38.717247,4338.3,0,4335.0,0.01,10.0,0.0097392,9.7392,0.01,10.0,4e-09,0.004,0.631,631.0,0.0,0.0
2026-07-02T16:58:53.719130,4353.3,0,4350.0,0.01,10.0,0.0096739,9.6739,0.01,10.0,5e-09,0.005,0.631,631.0,0.0,0.0
2026-07-02T16:59:08.721662,4368.3,0,4365.0,0.01,10.0,0.009682,9.682,0.01,10.0,7e-09,0.007,0.631,631.0,0.0,0.0
2026-07-02T16:59:23.712280,4383.3,0,4380.0,0.01,10.0,0.0096292,9.629199999999999,0.01,10.0,9e-09,0.009,0.631,631.0,0.0,0.0
2026-07-02T16:59:38.718738,4398.3,0,4395.0,0.01,10.0,0.0095861,9.5861,0.01,10.0,1.1e-08,0.011,0.6311,631.1,0.0,0.0
2026-07-02T16:59:53.713505,4413.3,0,4410.0,0.01,10.0,0.0095222,9.5222,0.01,10.0,1.4e-08,0.014,0.631,631.0,0.0,0.0
2026-07-02T17:00:08.719037,4428.3,0,4425.0,0.01,10.0,0.0095135,9.513499999999999,0.01,10.0,1.8e-08,0.018,0.6309,630.9,0.0,0.0
2026-07-02T17:00:23.717283,4443.3,0,4440.0,0.01,10.0,0.0094713,9.4713,0.01,10.0,2.1e-08,0.020999999999999998,0.6308,630.8000000000001,0.0,0.0
2026-07-02T17:00:38.719922,4458.3,0,4455.0,0.01,10.0,0.0094672,9.4672,0.01,10.0,2.4e-08,0.024,0.631,631.0,0.0,0.0
2026-07-02T17:00:53.720523,4473.3,0,4470.0,0.01,10.0,0.0094171,9.4171,0.01,10.0,3e-08,0.03,0.6308,630.8000000000001,0.0,0.0
2026-07-02T17:01:08.718296,4488.3,0,4485.0,0.01,10.0,0.009368,9.368,0.01,10.0,3.6e-08,0.036,0.6311,631.1,0.0,0.0
2026-07-02T17:01:23.712906,4503.3,0,4500.0,0.01,10.0,0.0093416,9.3416,0.01,10.0,4.3e-08,0.043000000000000003,0.6308,630.8000000000001,0.0,0.0
2026-07-02T17:01:38.718055,4518.3,0,4515.0,0.01,10.0,0.0093344,9.3344,0.01,10.0,4.8e-08,0.048,0.6308,630.8000000000001,0.0,0.0
2026-07-02T17:01:53.718374,4533.3,0,4530.0,0.01,10.0,0.0093298,9.329799999999999,0.01,10.0,5.7e-08,0.057,0.6309,630.9,0.0,0.0
2026-07-02T17:02:08.717796,4548.3,0,4545.0,0.01,10.0,0.0092408,9.2408,0.01,10.0,6.8e-08,0.068,0.631,631.0,0.0,0.0
2026-07-02T17:02:23.712126,4563.3,0,4560.0,0.01,10.0,0.0092211,9.2211,0.01,10.0,7.5e-08,0.075,0.631,631.0,0.0,0.0
2026-07-02T17:02:38.717953,4578.3,0,4575.0,0.01,10.0,0.0091921,9.1921,0.01,10.0,8.9e-08,0.08900000000000001,0.6309,630.9,0.0,0.0
2026-07-02T17:02:53.717918,4593.3,0,4590.0,0.01,10.0,0.0091354,9.1354,0.01,10.0,1.02e-07,0.102,0.6309,630.9,0.0,0.0
2026-07-02T17:03:08.712763,4608.3,0,4605.0,0.01,10.0,0.0091449,9.1449,0.01,10.0,1.16e-07,0.116,0.6307,630.7,0.0,0.0
2026-07-02T17:03:23.714273,4623.3,0,4620.0,0.01,10.0,0.0090891,9.089099999999998,0.01,10.0,1.32e-07,0.13199999999999998,0.6306,630.6,0.0,0.0
2026-07-02T17:03:38.712682,4638.3,0,4635.0,0.01,10.0,0.0090569,9.056899999999999,0.01,10.0,1.52e-07,0.15200000000000002,0.6308,630.8000000000001,0.0,0.0
2026-07-02T17:03:53.712069,4653.3,0,4650.0,0.01,10.0,0.0090256,9.0256,0.01,10.0,1.74e-07,0.174,0.6308,630.8000000000001,0.0,0.0
2026-07-02T17:04:08.718305,4668.3,0,4665.0,0.01,10.0,0.0089938,8.9938,0.01,10.0,1.9e-07,0.19,0.6307,630.7,0.0,0.0
2026-07-02T17:04:23.714208,4683.3,0,4680.0,0.01,10.0,0.00895,8.95,0.01,10.0,2.17e-07,0.217,0.6309,630.9,0.0,0.0
2026-07-02T17:04:38.712713,4698.3,0,4695.0,0.01,10.0,0.0089369,8.9369,0.01,10.0,2.4e-07,0.24,0.6306,630.6,0.0,0.0
2026-07-02T17:04:53.720478,4713.3,0,4710.0,0.01,10.0,0.0089105,8.9105,0.01,10.0,2.65e-07,0.265,0.6309,630.9,0.0,0.0
2026-07-02T17:05:08.712491,4728.3,0,4725.0,0.01,10.0,0.0089166,8.9166,0.01,10.0,2.95e-07,0.295,0.6306,630.6,0.0,0.0
2026-07-02T17:05:23.718365,4743.3,0,4740.0,0.01,10.0,0.0088544,8.8544,0.01,10.0,3.27e-07,0.327,0.6309,630.9,0.0,0.0
2026-07-02T17:05:38.717799,4758.3,0,4755.0,0.01,10.0,0.0088785,8.878499999999999,0.01,10.0,3.58e-07,0.358,0.6306,630.6,0.0,0.0
2026-07-02T17:05:53.717388,4773.3,0,4770.0,0.01,10.0,0.0088695,8.8695,0.01,10.0,3.87e-07,0.387,0.6307,630.7,0.0,0.0
2026-07-02T17:06:08.715876,4788.3,0,4785.0,0.01,10.0,0.0088287,8.8287,0.01,10.0,4.29e-07,0.429,0.6309,630.9,0.0,0.0
2026-07-02T17:06:23.717749,4803.3,0,4800.0,0.01,10.0,0.0087976,8.7976,0.01,10.0,4.67e-07,0.46699999999999997,0.6308,630.8000000000001,0.0,0.0
2026-07-02T17:06:38.718618,4818.3,0,4815.0,0.01,10.0,0.0087436,8.7436,0.01,10.0,5.1e-07,0.51,0.6307,630.7,0.0,0.0
2026-07-02T17:06:53.712658,4833.3,0,4830.0,0.01,10.0,0.0087884,8.7884,0.01,10.0,5.55e-07,0.5549999999999999,0.6307,630.7,0.0,0.0
2026-07-02T17:07:08.720581,4848.3,0,4845.0,0.01,10.0,0.0087671,8.7671,0.01,10.0,5.95e-07,0.595,0.6307,630.7,0.0,0.0
2026-07-02T17:07:23.714469,4863.3,0,4860.0,0.01,10.0,0.0087589,8.7589,0.01,10.0,6.46e-07,0.646,0.6307,630.7,0.0,0.0
2026-07-02T17:07:38.712284,4878.3,0,4875.0,0.01,10.0,0.0087464,8.7464,0.01,10.0,6.93e-07,0.693,0.6308,630.8000000000001,0.0,0.0
2026-07-02T17:07:53.717976,4893.3,0,4890.0,0.01,10.0,0.0087164,8.716399999999998,0.01,10.0,7.4e-07,0.74,0.6304,630.4,0.0,0.0
2026-07-02T17:08:08.715336,4908.3,0,4905.0,0.01,10.0,0.0086649,8.6649,0.01,10.0,8.07e-07,0.8069999999999999,0.6305,630.5,0.0,0.0
2026-07-02T17:08:23.717351,4923.3,0,4920.0,0.01,10.0,0.0087113,8.7113,0.01,10.0,8.55e-07,0.855,0.6308,630.8000000000001,0.0,0.0
2026-07-02T17:08:38.718030,4938.3,0,4935.0,0.01,10.0,0.0086929,8.6929,0.01,10.0,9.13e-07,0.913,0.6305,630.5,0.0,0.0
2026-07-02T17:08:53.713415,4953.3,0,4950.0,0.01,10.0,0.0086982,8.6982,0.01,10.0,9.84e-07,0.984,0.6307,630.7,0.0,0.0
2026-07-02T17:09:08.721221,4968.3,0,4965.0,0.01,10.0,0.0086902,8.6902,0.01,10.0,1.035e-06,1.0350000000000001,0.6307,630.7,0.0,0.0
2026-07-02T17:09:23.720177,4983.3,0,4980.0,0.01,10.0,0.0086707,8.6707,0.01,10.0,1.098e-06,1.0979999999999999,0.6308,630.8000000000001,0.0,0.0
2026-07-02T17:09:38.712407,4998.3,0,4995.0,0.01,10.0,0.0086705,8.670499999999999,0.01,10.0,1.176e-06,1.1760000000000002,0.6307,630.7,0.0,0.0
2026-07-02T17:09:53.721276,5013.3,0,5010.0,0.01,10.0,0.0086929,8.6929,0.01,10.0,1.24e-06,1.24,0.6307,630.7,0.0,0.0
2026-07-02T17:10:08.717655,5028.3,0,5025.0,0.01,10.0,0.008697,8.697,0.01,10.0,1.302e-06,1.302,0.631,631.0,0.0,0.0
2026-07-02T17:10:23.712594,5043.3,0,5040.0,0.01,10.0,0.0086837,8.6837,0.01,10.0,1.377e-06,1.377,0.6307,630.7,0.0,0.0
2026-07-02T17:10:38.716616,5058.3,0,5055.0,0.01,10.0,0.0086743,8.674299999999999,0.01,10.0,1.457e-06,1.457,0.6308,630.8000000000001,0.0,0.0
2026-07-02T17:10:53.712130,5073.3,0,5070.0,0.01,10.0,0.008705,8.705,0.01,10.0,1.542e-06,1.542,0.6306,630.6,0.0,0.0
2026-07-02T17:11:08.712266,5088.3,0,5085.0,0.01,10.0,0.0087181,8.7181,0.01,10.0,1.612e-06,1.6119999999999999,0.6306,630.6,0.0,0.0
2026-07-02T17:11:23.717051,5103.3,0,5100.0,0.01,10.0,0.0087121,8.7121,0.01,10.0,1.689e-06,1.689,0.6305,630.5,0.0,0.0
2026-07-02T17:11:38.711824,5118.3,0,5115.0,0.01,10.0,0.0087598,8.7598,0.01,10.0,1.756e-06,1.756,0.6305,630.5,0.0,0.0
2026-07-02T17:11:53.720815,5133.3,0,5130.0,0.01,10.0,0.0087784,8.778400000000001,0.01,10.0,1.847e-06,1.847,0.6306,630.6,0.0,0.0
2026-07-02T17:12:08.719256,5148.3,0,5145.0,0.01,10.0,0.0087785,8.7785,0.01,10.0,1.926e-06,1.926,0.6306,630.6,0.0,0.0
2026-07-02T17:12:23.716727,5163.3,0,5160.0,0.01,10.0,0.0088227,8.8227,0.01,10.0,1.994e-06,1.9939999999999998,0.6306,630.6,0.0,0.0
2026-07-02T17:12:38.712276,5178.3,0,5175.0,0.01,10.0,0.0088555,8.855500000000001,0.01,10.0,2.079e-06,2.0789999999999997,0.6305,630.5,0.0,0.0
2026-07-02T17:12:53.717961,5193.3,0,5190.0,0.01,10.0,0.0089086,8.9086,0.01,10.0,2.148e-06,2.148,0.6306,630.6,0.0,0.0
2026-07-02T17:13:08.713360,5208.3,0,5205.0,0.01,10.0,0.0089435,8.9435,0.01,10.0,2.21e-06,2.21,0.6304,630.4,0.0,0.0
2026-07-02T17:13:23.719031,5223.3,0,5220.0,0.01,10.0,0.0089807,8.980699999999999,0.01,10.0,2.289e-06,2.289,0.6306,630.6,0.0,0.0
2026-07-02T17:13:38.718083,5238.3,0,5235.0,0.01,10.0,0.0090293,9.029300000000001,0.01,10.0,2.35e-06,2.35,0.6305,630.5,0.0,0.0
2026-07-02T17:13:53.717700,5253.3,0,5250.0,0.01,10.0,0.0090565,9.0565,0.01,10.0,2.419e-06,2.419,0.6304,630.4,0.0,0.0
2026-07-02T17:14:08.719563,5268.3,0,5265.0,0.01,10.0,0.0091472,9.1472,0.01,10.0,2.48e-06,2.48,0.6306,630.6,0.0,0.0
2026-07-02T17:14:23.720665,5283.3,0,5280.0,0.01,10.0,0.0092093,9.2093,0.01,10.0,2.527e-06,2.527,0.6306,630.6,0.0,0.0
2026-07-02T17:14:38.721225,5298.3,0,5295.0,0.01,10.0,0.0092661,9.2661,0.01,10.0,2.584e-06,2.584,0.6304,630.4,0.0,0.0
2026-07-02T17:14:53.717486,5313.3,0,5310.0,0.01,10.0,0.0093217,9.3217,0.01,10.0,2.624e-06,2.624,0.6304,630.4,0.0,0.0
2026-07-02T17:15:08.721517,5328.3,0,5325.0,0.01,10.0,0.0093966,9.3966,0.01,10.0,2.661e-06,2.661,0.6305,630.5,0.0,0.0
2026-07-02T17:15:23.718229,5343.3,0,5340.0,0.01,10.0,0.009504,9.504,0.01,10.0,2.69e-06,2.69,0.6304,630.4,0.0,0.0
2026-07-02T17:15:38.718213,5358.3,0,5355.0,0.01,10.0,0.0095676,9.5676,0.01,10.0,2.713e-06,2.713,0.6305,630.5,0.0,0.0
2026-07-02T17:15:53.718632,5373.3,0,5370.0,0.01,10.0,0.0096576,9.6576,0.01,10.0,2.721e-06,2.721,0.6303,630.3,0.0,0.0
2026-07-02T17:16:08.717771,5388.3,0,5385.0,0.01,10.0,0.0097516,9.7516,0.01,10.0,2.737e-06,2.7369999999999997,0.6306,630.6,0.0,0.0
2026-07-02T17:16:23.717450,5403.3,0,5400.0,0.01,10.0,0.0098318,9.8318,0.01,10.0,2.739e-06,2.739,0.6302,630.1999999999999,0.0,0.0
2026-07-02T17:16:24.428000,5404.0,1,0.0,0.05,50.0,0.0098455,9.8455,0.01,10.0,2.739e-06,2.739,0.6302,630.1999999999999,0.0,0.0
2026-07-02T17:16:39.432996,5419.0,1,15.0,0.05,50.0,0.0100981,10.0981,0.05,50.0,7.327e-05,73.27,0.6299,629.9,0.0,0.0
2026-07-02T17:16:54.433651,5434.0,1,30.0,0.05,50.0,0.0118703,11.8703,0.05,50.0,0.0001013,101.3,0.6296,629.6,0.0,0.0
2026-07-02T17:17:09.434787,5449.0,1,45.0,0.05,50.0,0.0173787,17.378700000000002,0.05,50.0,0.0001013,101.3,0.6292,629.1999999999999,0.0,0.0
2026-07-02T17:17:24.437592,5464.0,1,60.0,0.05,50.0,0.0271292,27.1292,0.05,50.0,0.0001013,101.3,0.6288,628.8000000000001,0.0,0.0
2026-07-02T17:17:39.437262,5479.0,1,75.0,0.05,50.0,0.0317743,31.774299999999997,0.05,50.0,0.0001013,101.3,0.6281,628.1,0.0,0.0
2026-07-02T17:17:54.428984,5494.0,1,90.0,0.05,50.0,0.0342455,34.2455,0.05,50.0,0.0001013,101.3,0.6277,627.7,0.0,0.0
2026-07-02T17:18:09.433941,5509.0,1,105.0,0.05,50.0,0.0366781,36.6781,0.05,50.0,0.0001013,101.3,0.6274,627.4,0.0,0.0
2026-07-02T17:18:24.433434,5524.0,1,120.0,0.05,50.0,0.0383519,38.3519,0.05,50.0,0.0001013,101.3,0.6272,627.1999999999999,0.0,0.0
2026-07-02T17:18:39.434940,5539.0,1,135.0,0.05,50.0,0.0399549,39.9549,0.05,50.0,0.0001013,101.3,0.6274,627.4,0.0,0.0
2026-07-02T17:18:54.435946,5554.0,1,150.0,0.05,50.0,0.0407147,40.7147,0.05,50.0,0.0001013,101.3,0.6269,626.9,0.0,0.0
2026-07-02T17:19:09.437315,5569.0,1,165.0,0.05,50.0,0.0418628,41.8628,0.05,50.0,0.0001013,101.3,0.6269,626.9,0.0,0.0
2026-07-02T17:19:24.433942,5584.0,1,180.0,0.05,50.0,0.0429204,42.9204,0.05,50.0,0.0001013,101.3,0.6266,626.6,0.0,0.0
2026-07-02T17:19:39.434789,5599.0,1,195.0,0.05,50.0,0.0437931,43.7931,0.05,50.0,0.0001013,101.3,0.6262,626.1999999999999,0.0,0.0
2026-07-02T17:19:54.429306,5614.0,1,210.0,0.05,50.0,0.0447224,44.7224,0.05,50.0,0.0001013,101.3,0.6263,626.3,0.0,0.0
2026-07-02T17:20:09.437644,5629.0,1,225.0,0.05,50.0,0.045512,45.512,0.05,50.0,0.0001013,101.3,0.626,626.0,0.0,0.0
2026-07-02T17:20:24.434515,5644.0,1,240.0,0.05,50.0,0.0463739,46.373900000000006,0.05,50.0,0.0001013,101.3,0.6257,625.7,0.0,0.0
2026-07-02T17:20:39.428420,5659.0,1,255.0,0.05,50.0,0.0472294,47.2294,0.05,50.0,0.0001013,101.3,0.6256,625.6,0.0,0.0
2026-07-02T17:20:54.431137,5674.0,1,270.0,0.05,50.0,0.0483066,48.306599999999996,0.05,50.0,0.0001013,101.3,0.6252,625.1999999999999,0.0,0.0
2026-07-02T17:21:09.428268,5689.0,1,285.0,0.05,50.0,0.0493587,49.3587,0.05,50.0,0.0001013,101.3,0.6252,625.1999999999999,0.0,0.0
2026-07-02T17:21:24.429183,5704.0,1,300.0,0.05,50.0,0.0501292,50.1292,0.05,50.0,0.00010019,100.19,0.6249,624.9,0.0,0.0
2026-07-02T17:21:39.429162,5719.0,1,315.0,0.05,50.0,0.0509783,50.9783,0.05,50.0,9.681e-05,96.81,0.6246,624.6,0.0,0.0
2026-07-02T17:21:54.428412,5734.0,1,330.0,0.05,50.0,0.0515763,51.576299999999996,0.05,50.0,9.415e-05,94.14999999999999,0.6246,624.6,0.0,0.0
2026-07-02T17:22:09.429138,5749.0,1,345.0,0.05,50.0,0.052257,52.257,0.05,50.0,8.874e-05,88.74,0.6245,624.5,0.0,0.0
2026-07-02T17:22:24.430162,5764.0,1,360.0,0.05,50.0,0.0526456,52.6456,0.05,50.0,8.501e-05,85.01,0.6243,624.3,0.0,0.0
2026-07-02T17:22:39.430334,5779.0,1,375.0,0.05,50.0,0.0529659,52.965900000000005,0.05,50.0,8.012e-05,80.12,0.6243,624.3,0.0,0.0
2026-07-02T17:22:54.432966,5794.0,1,390.0,0.05,50.0,0.053322,53.322,0.05,50.0,7.526e-05,75.25999999999999,0.624,624.0,0.0,0.0
2026-07-02T17:23:09.433969,5809.0,1,405.0,0.05,50.0,0.0536674,53.667399999999994,0.05,50.0,7.051e-05,70.51,0.6239,623.9,0.0,0.0
2026-07-02T17:23:24.428520,5824.0,1,420.0,0.05,50.0,0.0536843,53.6843,0.05,50.0,6.612e-05,66.11999999999999,0.624,624.0,0.0,0.0
2026-07-02T17:23:39.436664,5839.0,1,435.0,0.05,50.0,0.0537791,53.77910000000001,0.05,50.0,6.086e-05,60.86,0.6242,624.1999999999999,0.0,0.0
2026-07-02T17:23:54.431981,5854.0,1,450.0,0.05,50.0,0.0537757,53.7757,0.05,50.0,5.644e-05,56.440000000000005,0.624,624.0,0.0,0.0
2026-07-02T17:24:09.436721,5869.0,1,465.0,0.05,50.0,0.0538292,53.8292,0.05,50.0,5.208e-05,52.080000000000005,0.6238,623.8000000000001,0.0,0.0
2026-07-02T17:24:24.429581,5884.0,1,480.0,0.05,50.0,0.0537586,53.758599999999994,0.05,50.0,4.844e-05,48.44,0.6241,624.1,0.0,0.0
2026-07-02T17:24:39.436446,5899.0,1,495.0,0.05,50.0,0.0538011,53.8011,0.05,50.0,4.436e-05,44.36,0.6239,623.9,0.0,0.0
2026-07-02T17:24:54.434560,5914.0,1,510.0,0.05,50.0,0.0536514,53.6514,0.05,50.0,4.145e-05,41.449999999999996,0.624,624.0,0.0,0.0
2026-07-02T17:25:09.429111,5929.0,1,525.0,0.05,50.0,0.0534549,53.4549,0.05,50.0,3.76e-05,37.6,0.6242,624.1999999999999,0.0,0.0
2026-07-02T17:25:24.435081,5944.0,1,540.0,0.05,50.0,0.0534748,53.4748,0.05,50.0,3.477e-05,34.77,0.6242,624.1999999999999,0.0,0.0
2026-07-02T17:25:39.428224,5959.0,1,555.0,0.05,50.0,0.0530511,53.0511,0.05,50.0,3.225e-05,32.25,0.6242,624.1999999999999,0.0,0.0
2026-07-02T17:25:54.428292,5974.0,1,570.0,0.05,50.0,0.0530513,53.051300000000005,0.05,50.0,2.994e-05,29.94,0.6243,624.3,0.0,0.0
2026-07-02T17:26:09.433836,5989.0,1,585.0,0.05,50.0,0.0527657,52.765699999999995,0.05,50.0,2.799e-05,27.990000000000002,0.6244,624.4,0.0,0.0
2026-07-02T17:26:24.429583,6004.0,1,600.0,0.05,50.0,0.05253,52.53,0.05,50.0,2.661e-05,26.61,0.6241,624.1,0.0,0.0
2026-07-02T17:26:39.628424,6019.2,1,615.2,0.05,50.0,0.0522046,52.2046,0.05,50.0,2.469e-05,24.689999999999998,0.6242,624.1999999999999,0.0,0.0
2026-07-02T17:26:54.428060,6034.0,1,630.0,0.05,50.0,0.0520874,52.0874,0.05,50.0,2.354e-05,23.540000000000003,0.6246,624.6,0.0,0.0
2026-07-02T17:27:09.430348,6049.0,1,645.0,0.05,50.0,0.0517147,51.7147,0.05,50.0,2.283e-05,22.83,0.6244,624.4,0.0,0.0
2026-07-02T17:27:24.428343,6064.0,1,660.0,0.05,50.0,0.0516298,51.6298,0.05,50.0,2.176e-05,21.759999999999998,0.6242,624.1999999999999,0.0,0.0
2026-07-02T17:27:39.436248,6079.0,1,675.0,0.05,50.0,0.0512044,51.2044,0.05,50.0,2.119e-05,21.189999999999998,0.6245,624.5,0.0,0.0
2026-07-02T17:27:54.628515,6094.2,1,690.2,0.05,50.0,0.0509349,50.9349,0.05,50.0,2.086e-05,20.86,0.6247,624.7,0.0,0.0
2026-07-02T17:28:09.432331,6109.0,1,705.0,0.05,50.0,0.0507313,50.7313,0.05,50.0,2.057e-05,20.57,0.6249,624.9,0.0,0.0
2026-07-02T17:28:24.435019,6124.0,1,720.0,0.05,50.0,0.0503813,50.381299999999996,0.05,50.0,2.034e-05,20.34,0.6248,624.8000000000001,0.0,0.0
2026-07-02T17:28:39.430256,6139.0,1,735.0,0.05,50.0,0.0501478,50.1478,0.05,50.0,2.05e-05,20.5,0.6249,624.9,0.0,0.0
2026-07-02T17:28:54.433265,6154.0,1,750.0,0.05,50.0,0.0499673,49.9673,0.05,50.0,2.096e-05,20.96,0.625,625.0,0.0,0.0
2026-07-02T17:29:09.433014,6169.0,1,765.0,0.05,50.0,0.0497003,49.700300000000006,0.05,50.0,2.116e-05,21.16,0.6249,624.9,0.0,0.0
2026-07-02T17:29:24.434674,6184.0,1,780.0,0.05,50.0,0.0495368,49.5368,0.05,50.0,2.136e-05,21.36,0.6249,624.9,0.0,0.0
2026-07-02T17:29:39.433258,6199.0,1,795.0,0.05,50.0,0.0492854,49.2854,0.05,50.0,2.231e-05,22.310000000000002,0.6251,625.1,0.0,0.0
2026-07-02T17:29:54.432422,6214.0,1,810.0,0.05,50.0,0.0491298,49.1298,0.05,50.0,2.322e-05,23.220000000000002,0.6252,625.1999999999999,0.0,0.0
2026-07-02T17:30:09.435388,6229.0,1,825.0,0.05,50.0,0.0489254,48.9254,0.05,50.0,2.424e-05,24.24,0.6251,625.1,0.0,0.0
2026-07-02T17:30:24.628320,6244.2,1,840.2,0.05,50.0,0.0488257,48.8257,0.05,50.0,2.5e-05,25.0,0.625,625.0,0.0,0.0
2026-07-02T17:30:39.433242,6259.0,1,855.0,0.05,50.0,0.0487558,48.7558,0.05,50.0,2.609e-05,26.09,0.6253,625.3,0.0,0.0
2026-07-02T17:30:54.628178,6274.2,1,870.2,0.05,50.0,0.0486729,48.6729,0.05,50.0,2.745e-05,27.45,0.6252,625.1999999999999,0.0,0.0
2026-07-02T17:31:09.434654,6289.0,1,885.0,0.05,50.0,0.0486043,48.6043,0.05,50.0,2.837e-05,28.37,0.6249,624.9,0.0,0.0
2026-07-02T17:31:24.430665,6304.0,1,900.0,0.05,50.0,0.0484915,48.4915,0.05,50.0,2.985e-05,29.85,0.6252,625.1999999999999,0.0,0.0
2026-07-02T17:31:39.627809,6319.2,1,915.2,0.05,50.0,0.0484509,48.4509,0.05,50.0,3.12e-05,31.2,0.6252,625.1999999999999,0.0,0.0
2026-07-02T17:31:54.432180,6334.0,1,930.0,0.05,50.0,0.0484849,48.484899999999996,0.05,50.0,3.183e-05,31.83,0.625,625.0,0.0,0.0
2026-07-02T17:32:09.428649,6349.0,1,945.0,0.05,50.0,0.0485376,48.5376,0.05,50.0,3.347e-05,33.470000000000006,0.6252,625.1999999999999,0.0,0.0
2026-07-02T17:32:24.628478,6364.2,1,960.2,0.05,50.0,0.0485776,48.5776,0.05,50.0,3.463e-05,34.629999999999995,0.6252,625.1999999999999,0.0,0.0
2026-07-02T17:32:39.429467,6379.0,1,975.0,0.05,50.0,0.0486594,48.6594,0.05,50.0,3.599e-05,35.99,0.6254,625.4,0.0,0.0
2026-07-02T17:32:54.430154,6394.0,1,990.0,0.05,50.0,0.0487699,48.7699,0.05,50.0,3.664e-05,36.64,0.6254,625.4,0.0,0.0
2026-07-02T17:33:09.433636,6409.0,1,1005.0,0.05,50.0,0.0487602,48.7602,0.05,50.0,3.762e-05,37.620000000000005,0.6251,625.1,0.0,0.0
2026-07-02T17:33:24.431380,6424.0,1,1020.0,0.05,50.0,0.0488757,48.8757,0.05,50.0,3.864e-05,38.64,0.6254,625.4,0.0,0.0
2026-07-02T17:33:39.430494,6439.0,1,1035.0,0.05,50.0,0.0489394,48.9394,0.05,50.0,3.927e-05,39.27,0.6254,625.4,0.0,0.0
2026-07-02T17:33:54.428689,6454.0,1,1050.0,0.05,50.0,0.0490592,49.0592,0.05,50.0,3.99e-05,39.9,0.6251,625.1,0.0,0.0
2026-07-02T17:34:09.432910,6469.0,1,1065.0,0.05,50.0,0.0492431,49.2431,0.05,50.0,4.105e-05,41.050000000000004,0.6252,625.1999999999999,0.0,0.0
2026-07-02T17:34:24.428106,6484.0,1,1080.0,0.05,50.0,0.0493417,49.3417,0.05,50.0,4.163e-05,41.63,0.6252,625.1999999999999,0.0,0.0
2026-07-02T17:34:39.628178,6499.2,1,1095.2,0.05,50.0,0.0494424,49.4424,0.05,50.0,4.231e-05,42.31,0.6249,624.9,0.0,0.0
2026-07-02T17:34:54.430464,6514.0,1,1110.0,0.05,50.0,0.049496,49.495999999999995,0.05,50.0,4.237e-05,42.370000000000005,0.6249,624.9,0.0,0.0
2026-07-02T17:35:09.430817,6529.0,1,1125.0,0.05,50.0,0.0496646,49.6646,0.05,50.0,4.25e-05,42.5,0.6253,625.3,0.0,0.0
2026-07-02T17:35:24.428772,6544.0,1,1140.0,0.05,50.0,0.0497401,49.740100000000005,0.05,50.0,4.254e-05,42.54,0.625,625.0,0.0,0.0
2026-07-02T17:35:39.434618,6559.0,1,1155.0,0.05,50.0,0.049834,49.834,0.05,50.0,4.244e-05,42.44,0.6253,625.3,0.0,0.0
2026-07-02T17:35:54.628166,6574.2,1,1170.2,0.05,50.0,0.0499544,49.9544,0.05,50.0,4.25e-05,42.5,0.6249,624.9,0.0,0.0
2026-07-02T17:36:09.434151,6589.0,1,1185.0,0.05,50.0,0.050078,50.077999999999996,0.05,50.0,4.238e-05,42.379999999999995,0.6251,625.1,0.0,0.0
2026-07-02T17:36:24.434122,6604.0,1,1200.0,0.05,50.0,0.0501835,50.1835,0.05,50.0,4.165e-05,41.650000000000006,0.6252,625.1999999999999,0.0,0.0
2026-07-02T17:36:39.428000,6619.0,1,1215.0,0.05,50.0,0.0501436,50.143600000000006,0.05,50.0,4.205e-05,42.05,0.6247,624.7,0.0,0.0
2026-07-02T17:36:54.436276,6634.0,1,1230.0,0.05,50.0,0.0503049,50.304899999999996,0.05,50.0,4.148e-05,41.480000000000004,0.6248,624.8000000000001,0.0,0.0
2026-07-02T17:37:09.435271,6649.0,1,1245.0,0.05,50.0,0.0502784,50.2784,0.05,50.0,4.119e-05,41.19,0.6252,625.1999999999999,0.0,0.0
2026-07-02T17:37:24.432544,6664.0,1,1260.0,0.05,50.0,0.0503983,50.3983,0.05,50.0,4.063e-05,40.63,0.6249,624.9,0.0,0.0
2026-07-02T17:37:39.430752,6679.0,1,1275.0,0.05,50.0,0.0504613,50.4613,0.05,50.0,3.983e-05,39.830000000000005,0.6251,625.1,0.0,0.0
2026-07-02T17:37:54.437363,6694.0,1,1290.0,0.05,50.0,0.0504604,50.4604,0.05,50.0,3.985e-05,39.85,0.6249,624.9,0.0,0.0
2026-07-02T17:38:09.433994,6709.0,1,1305.0,0.05,50.0,0.0504682,50.468199999999996,0.05,50.0,3.911e-05,39.11000000000001,0.6249,624.9,0.0,0.0
2026-07-02T17:38:24.432458,6724.0,1,1320.0,0.05,50.0,0.0505124,50.5124,0.05,50.0,3.844e-05,38.44,0.6252,625.1999999999999,0.0,0.0
2026-07-02T17:38:39.428506,6739.0,1,1335.0,0.05,50.0,0.0504932,50.4932,0.05,50.0,3.835e-05,38.349999999999994,0.6249,624.9,0.0,0.0
2026-07-02T17:38:54.429511,6754.0,1,1350.0,0.05,50.0,0.0504981,50.498099999999994,0.05,50.0,3.796e-05,37.96,0.6251,625.1,0.0,0.0
2026-07-02T17:39:09.436917,6769.0,1,1365.0,0.05,50.0,0.0504979,50.4979,0.05,50.0,3.743e-05,37.43,0.6248,624.8000000000001,0.0,0.0
2026-07-02T17:39:24.628551,6784.2,1,1380.2,0.05,50.0,0.0504461,50.4461,0.05,50.0,3.693e-05,36.93,0.6248,624.8000000000001,0.0,0.0
2026-07-02T17:39:39.432878,6799.0,1,1395.0,0.05,50.0,0.0505183,50.5183,0.05,50.0,3.67e-05,36.699999999999996,0.625,625.0,0.0,0.0
2026-07-02T17:39:54.433583,6814.0,1,1410.0,0.05,50.0,0.0505236,50.5236,0.05,50.0,3.577e-05,35.769999999999996,0.6249,624.9,0.0,0.0
2026-07-02T17:40:09.434343,6829.0,1,1425.0,0.05,50.0,0.0503817,50.3817,0.05,50.0,3.569e-05,35.69,0.6249,624.9,0.0,0.0
2026-07-02T17:40:24.434162,6844.0,1,1440.0,0.05,50.0,0.0502877,50.2877,0.05,50.0,3.567e-05,35.67,0.6249,624.9,0.0,0.0
2026-07-02T17:40:39.428296,6859.0,1,1455.0,0.05,50.0,0.0503271,50.3271,0.05,50.0,3.548e-05,35.48,0.6249,624.9,0.0,0.0
2026-07-02T17:40:54.433699,6874.0,1,1470.0,0.05,50.0,0.050296,50.296,0.05,50.0,3.484e-05,34.839999999999996,0.625,625.0,0.0,0.0
2026-07-02T17:41:09.627566,6889.2,1,1485.2,0.05,50.0,0.0502395,50.2395,0.05,50.0,3.493e-05,34.93,0.6251,625.1,0.0,0.0
2026-07-02T17:41:24.433280,6904.0,1,1500.0,0.05,50.0,0.0502567,50.2567,0.05,50.0,3.433e-05,34.33,0.6251,625.1,0.0,0.0
2026-07-02T17:41:39.428527,6919.0,1,1515.0,0.05,50.0,0.0501815,50.1815,0.05,50.0,3.453e-05,34.53,0.625,625.0,0.0,0.0
2026-07-02T17:41:54.433572,6934.0,1,1530.0,0.05,50.0,0.0501284,50.1284,0.05,50.0,3.414e-05,34.14,0.6251,625.1,0.0,0.0
2026-07-02T17:42:09.433550,6949.0,1,1545.0,0.05,50.0,0.0501309,50.1309,0.05,50.0,3.43e-05,34.3,0.6251,625.1,0.0,0.0
2026-07-02T17:42:24.429177,6964.0,1,1560.0,0.05,50.0,0.0500753,50.075300000000006,0.05,50.0,3.418e-05,34.18,0.625,625.0,0.0,0.0
2026-07-02T17:42:39.433790,6979.0,1,1575.0,0.05,50.0,0.0501068,50.1068,0.05,50.0,3.422e-05,34.22,0.6251,625.1,0.0,0.0
2026-07-02T17:42:54.627898,6994.2,1,1590.2,0.05,50.0,0.0500055,50.0055,0.05,50.0,3.456e-05,34.56,0.6251,625.1,0.0,0.0
2026-07-02T17:43:09.428176,7009.0,1,1605.0,0.05,50.0,0.0499445,49.944500000000005,0.05,50.0,3.446e-05,34.46,0.6251,625.1,0.0,0.0
2026-07-02T17:43:24.435185,7024.0,1,1620.0,0.05,50.0,0.0499859,49.9859,0.05,50.0,3.403e-05,34.03,0.6251,625.1,0.0,0.0
2026-07-02T17:43:39.628413,7039.2,1,1635.2,0.05,50.0,0.0499205,49.9205,0.05,50.0,3.444e-05,34.440000000000005,0.6253,625.3,0.0,0.0
2026-07-02T17:43:54.434154,7054.0,1,1650.0,0.05,50.0,0.0499803,49.9803,0.05,50.0,3.491e-05,34.910000000000004,0.6252,625.1999999999999,0.0,0.0
2026-07-02T17:44:09.434391,7069.0,1,1665.0,0.05,50.0,0.0498867,49.8867,0.05,50.0,3.485e-05,34.85,0.625,625.0,0.0,0.0
2026-07-02T17:44:24.433919,7084.0,1,1680.0,0.05,50.0,0.0498021,49.8021,0.05,50.0,3.485e-05,34.85,0.6249,624.9,0.0,0.0
2026-07-02T17:44:39.433626,7099.0,1,1695.0,0.05,50.0,0.0498536,49.8536,0.05,50.0,3.529e-05,35.29,0.6251,625.1,0.0,0.0
2026-07-02T17:44:54.434197,7114.0,1,1710.0,0.05,50.0,0.0497842,49.7842,0.05,50.0,3.564e-05,35.64,0.6251,625.1,0.0,0.0
2026-07-02T17:45:09.432533,7129.0,1,1725.0,0.05,50.0,0.0498951,49.8951,0.05,50.0,3.55e-05,35.5,0.6252,625.1999999999999,0.0,0.0
2026-07-02T17:45:24.433592,7144.0,1,1740.0,0.05,50.0,0.0497961,49.7961,0.05,50.0,3.53e-05,35.3,0.6251,625.1,0.0,0.0
2026-07-02T17:45:39.429580,7159.0,1,1755.0,0.05,50.0,0.0497534,49.753400000000006,0.05,50.0,3.584e-05,35.84,0.6253,625.3,0.0,0.0
2026-07-02T17:45:54.428428,7174.0,1,1770.0,0.05,50.0,0.0498116,49.8116,0.05,50.0,3.606e-05,36.059999999999995,0.6249,624.9,0.0,0.0
2026-07-02T17:46:09.436275,7189.0,1,1785.0,0.05,50.0,0.049841,49.841,0.05,50.0,3.607e-05,36.07,0.6253,625.3,0.0,0.0
2026-07-02T17:46:24.431743,7204.0,1,1800.0,0.05,50.0,0.0498827,49.8827,0.05,50.0,3.621e-05,36.21,0.6251,625.1,0.0,0.0
2026-07-02T17:46:39.428676,7219.0,1,1815.0,0.05,50.0,0.0497891,49.789100000000005,0.05,50.0,3.644e-05,36.44,0.625,625.0,0.0,0.0
2026-07-02T17:46:54.433785,7234.0,1,1830.0,0.05,50.0,0.0498028,49.8028,0.05,50.0,3.687e-05,36.87,0.6252,625.1999999999999,0.0,0.0
2026-07-02T17:47:09.434127,7249.0,1,1845.0,0.05,50.0,0.0498753,49.875299999999996,0.05,50.0,3.674e-05,36.739999999999995,0.6253,625.3,0.0,0.0
2026-07-02T17:47:24.430012,7264.0,1,1860.0,0.05,50.0,0.0498241,49.8241,0.05,50.0,3.713e-05,37.129999999999995,0.6252,625.1999999999999,0.0,0.0
2026-07-02T17:47:39.433512,7279.0,1,1875.0,0.05,50.0,0.0498195,49.819500000000005,0.05,50.0,3.704e-05,37.04,0.625,625.0,0.0,0.0
2026-07-02T17:47:54.436347,7294.0,1,1890.0,0.05,50.0,0.0499486,49.948600000000006,0.05,50.0,3.724e-05,37.24,0.6252,625.1999999999999,0.0,0.0
2026-07-02T17:48:09.435293,7309.0,1,1905.0,0.05,50.0,0.0499165,49.9165,0.05,50.0,3.715e-05,37.15,0.6252,625.1999999999999,0.0,0.0
2026-07-02T17:48:24.428690,7324.0,1,1920.0,0.05,50.0,0.049917,49.917,0.05,50.0,3.729e-05,37.29,0.625,625.0,0.0,0.0
2026-07-02T17:48:39.430022,7339.0,1,1935.0,0.05,50.0,0.0499479,49.947900000000004,0.05,50.0,3.768e-05,37.68,0.625,625.0,0.0,0.0
2026-07-02T17:48:54.433619,7354.0,1,1950.0,0.05,50.0,0.0499703,49.9703,0.05,50.0,3.721e-05,37.21,0.6251,625.1,0.0,0.0
2026-07-02T17:49:09.435933,7369.0,1,1965.0,0.05,50.0,0.0500014,50.001400000000004,0.05,50.0,3.759e-05,37.589999999999996,0.625,625.0,0.0,0.0
2026-07-02T17:49:24.434965,7384.0,1,1980.0,0.05,50.0,0.0499375,49.9375,0.05,50.0,3.714e-05,37.14,0.625,625.0,0.0,0.0
2026-07-02T17:49:39.428431,7399.0,1,1995.0,0.05,50.0,0.0499429,49.9429,0.05,50.0,3.761e-05,37.61,0.6251,625.1,0.0,0.0
2026-07-02T17:49:54.428485,7414.0,1,2010.0,0.05,50.0,0.0499714,49.9714,0.05,50.0,3.749e-05,37.49,0.6251,625.1,0.0,0.0
2026-07-02T17:50:09.428932,7429.0,1,2025.0,0.05,50.0,0.0499779,49.9779,0.05,50.0,3.738e-05,37.379999999999995,0.625,625.0,0.0,0.0
2026-07-02T17:50:24.433020,7444.0,1,2040.0,0.05,50.0,0.050007,50.007000000000005,0.05,50.0,3.762e-05,37.620000000000005,0.6249,624.9,0.0,0.0
2026-07-02T17:50:39.428120,7459.0,1,2055.0,0.05,50.0,0.049991,49.991,0.05,50.0,3.76e-05,37.6,0.6249,624.9,0.0,0.0
2026-07-02T17:50:54.432672,7474.0,1,2070.0,0.05,50.0,0.050022,50.022,0.05,50.0,3.75e-05,37.5,0.6251,625.1,0.0,0.0
2026-07-02T17:51:09.436169,7489.0,1,2085.0,0.05,50.0,0.0500412,50.0412,0.05,50.0,3.764e-05,37.64,0.6252,625.1999999999999,0.0,0.0
2026-07-02T17:51:24.437309,7504.0,1,2100.0,0.05,50.0,0.0500396,50.0396,0.05,50.0,3.705e-05,37.05,0.6249,624.9,0.0,0.0
2026-07-02T17:51:39.434229,7519.0,1,2115.0,0.05,50.0,0.0500546,50.0546,0.05,50.0,3.764e-05,37.64,0.625,625.0,0.0,0.0
2026-07-02T17:51:54.428446,7534.0,1,2130.0,0.05,50.0,0.0500888,50.088800000000006,0.05,50.0,3.736e-05,37.36,0.6251,625.1,0.0,0.0
2026-07-02T17:52:09.428654,7549.0,1,2145.0,0.05,50.0,0.0499998,49.9998,0.05,50.0,3.719e-05,37.190000000000005,0.6249,624.9,0.0,0.0
2026-07-02T17:52:24.628134,7564.2,1,2160.2,0.05,50.0,0.0500531,50.0531,0.05,50.0,3.756e-05,37.56,0.625,625.0,0.0,0.0
2026-07-02T17:52:39.431241,7579.0,1,2175.0,0.05,50.0,0.0500266,50.026599999999995,0.05,50.0,3.724e-05,37.24,0.625,625.0,0.0,0.0
2026-07-02T17:52:54.428401,7594.0,1,2190.0,0.05,50.0,0.0500136,50.0136,0.05,50.0,3.723e-05,37.230000000000004,0.6249,624.9,0.0,0.0
2026-07-02T17:53:09.428407,7609.0,1,2205.0,0.05,50.0,0.0501044,50.1044,0.05,50.0,3.732e-05,37.32,0.625,625.0,0.0,0.0
2026-07-02T17:53:24.428496,7624.0,1,2220.0,0.05,50.0,0.0500576,50.0576,0.05,50.0,3.739e-05,37.39,0.6249,624.9,0.0,0.0
2026-07-02T17:53:39.627800,7639.2,1,2235.2,0.05,50.0,0.0499395,49.939499999999995,0.05,50.0,3.69e-05,36.900000000000006,0.6248,624.8000000000001,0.0,0.0
2026-07-02T17:53:54.430412,7654.0,1,2250.0,0.05,50.0,0.0500121,50.0121,0.05,50.0,3.723e-05,37.230000000000004,0.6249,624.9,0.0,0.0
2026-07-02T17:54:09.428622,7669.0,1,2265.0,0.05,50.0,0.0501088,50.1088,0.05,50.0,3.696e-05,36.96,0.6252,625.1999999999999,0.0,0.0
2026-07-02T17:54:24.628442,7684.2,1,2280.2,0.05,50.0,0.0500026,50.0026,0.05,50.0,3.705e-05,37.05,0.6252,625.1999999999999,0.0,0.0
2026-07-02T17:54:39.433119,7699.0,1,2295.0,0.05,50.0,0.0500499,50.0499,0.05,50.0,3.691e-05,36.91,0.6251,625.1,0.0,0.0
2026-07-02T17:54:54.628568,7714.2,1,2310.2,0.05,50.0,0.0499806,49.9806,0.05,50.0,3.696e-05,36.96,0.625,625.0,0.0,0.0
2026-07-02T17:55:09.429159,7729.0,1,2325.0,0.05,50.0,0.0499708,49.970800000000004,0.05,50.0,3.71e-05,37.1,0.6248,624.8000000000001,0.0,0.0
2026-07-02T17:55:24.428887,7744.0,1,2340.0,0.05,50.0,0.0499958,49.9958,0.05,50.0,3.663e-05,36.63,0.6249,624.9,0.0,0.0
2026-07-02T17:55:39.433635,7759.0,1,2355.0,0.05,50.0,0.0500058,50.0058,0.05,50.0,3.719e-05,37.190000000000005,0.6249,624.9,0.0,0.0
2026-07-02T17:55:54.433705,7774.0,1,2370.0,0.05,50.0,0.0499199,49.919900000000005,0.05,50.0,3.707e-05,37.07,0.625,625.0,0.0,0.0
2026-07-02T17:56:09.432802,7789.0,1,2385.0,0.05,50.0,0.0500507,50.0507,0.05,50.0,3.703e-05,37.03,0.625,625.0,0.0,0.0
2026-07-02T17:56:24.432327,7804.0,1,2400.0,0.05,50.0,0.0499534,49.9534,0.05,50.0,3.705e-05,37.05,0.6249,624.9,0.0,0.0
2026-07-02T17:56:39.433273,7819.0,1,2415.0,0.05,50.0,0.0499729,49.9729,0.05,50.0,3.743e-05,37.43,0.6251,625.1,0.0,0.0
2026-07-02T17:56:54.433875,7834.0,1,2430.0,0.05,50.0,0.0500468,50.046800000000005,0.05,50.0,3.711e-05,37.11,0.625,625.0,0.0,0.0
2026-07-02T17:57:09.429735,7849.0,1,2445.0,0.05,50.0,0.0499572,49.9572,0.05,50.0,3.701e-05,37.01,0.6249,624.9,0.0,0.0
2026-07-02T17:57:24.428424,7864.0,1,2460.0,0.05,50.0,0.0499963,49.9963,0.05,50.0,3.751e-05,37.51,0.6249,624.9,0.0,0.0
2026-07-02T17:57:39.433431,7879.0,1,2475.0,0.05,50.0,0.0500374,50.037400000000005,0.05,50.0,3.713e-05,37.129999999999995,0.6248,624.8000000000001,0.0,0.0
2026-07-02T17:57:54.429032,7894.0,1,2490.0,0.05,50.0,0.0499543,49.9543,0.05,50.0,3.729e-05,37.29,0.625,625.0,0.0,0.0
2026-07-02T17:58:09.433095,7909.0,1,2505.0,0.05,50.0,0.0499954,49.995400000000004,0.05,50.0,3.718e-05,37.18,0.625,625.0,0.0,0.0
2026-07-02T17:58:24.430044,7924.0,1,2520.0,0.05,50.0,0.0499417,49.9417,0.05,50.0,3.729e-05,37.29,0.6248,624.8000000000001,0.0,0.0
2026-07-02T17:58:39.431466,7939.0,1,2535.0,0.05,50.0,0.0499072,49.907199999999996,0.05,50.0,3.728e-05,37.28,0.6251,625.1,0.0,0.0
2026-07-02T17:58:54.433779,7954.0,1,2550.0,0.05,50.0,0.0499605,49.960499999999996,0.05,50.0,3.741e-05,37.410000000000004,0.625,625.0,0.0,0.0
2026-07-02T17:59:09.431563,7969.0,1,2565.0,0.05,50.0,0.0499491,49.9491,0.05,50.0,3.762e-05,37.620000000000005,0.6249,624.9,0.0,0.0
2026-07-02T17:59:24.433742,7984.0,1,2580.0,0.05,50.0,0.0500003,50.000299999999996,0.05,50.0,3.728e-05,37.28,0.6249,624.9,0.0,0.0
2026-07-02T17:59:39.433922,7999.0,1,2595.0,0.05,50.0,0.0499615,49.9615,0.05,50.0,3.757e-05,37.57,0.625,625.0,0.0,0.0
2026-07-02T17:59:54.428868,8014.0,1,2610.0,0.05,50.0,0.0499691,49.969100000000005,0.05,50.0,3.762e-05,37.620000000000005,0.625,625.0,0.0,0.0
2026-07-02T18:00:09.433658,8029.0,1,2625.0,0.05,50.0,0.0499096,49.9096,0.05,50.0,3.759e-05,37.589999999999996,0.625,625.0,0.0,0.0
2026-07-02T18:00:24.436026,8044.0,1,2640.0,0.05,50.0,0.050019,50.019,0.05,50.0,3.738e-05,37.379999999999995,0.6252,625.1999999999999,0.0,0.0
2026-07-02T18:00:39.628597,8059.2,1,2655.2,0.05,50.0,0.0500237,50.0237,0.05,50.0,3.748e-05,37.48,0.6252,625.1999999999999,0.0,0.0
2026-07-02T18:00:54.434165,8074.0,1,2670.0,0.05,50.0,0.0499326,49.9326,0.05,50.0,3.752e-05,37.52,0.625,625.0,0.0,0.0
2026-07-02T18:01:09.429970,8089.0,1,2685.0,0.05,50.0,0.0499414,49.941399999999994,0.05,50.0,3.775e-05,37.75,0.6247,624.7,0.0,0.0
2026-07-02T18:01:24.433259,8104.0,1,2700.0,0.05,50.0,0.0499633,49.963300000000004,0.05,50.0,3.773e-05,37.73,0.6251,625.1,0.0,0.0
2026-07-02T18:01:39.428440,8119.0,1,2715.0,0.05,50.0,0.0499911,49.991099999999996,0.05,50.0,3.797e-05,37.97,0.6249,624.9,0.0,0.0
2026-07-02T18:01:54.435332,8134.0,1,2730.0,0.05,50.0,0.0499817,49.9817,0.05,50.0,3.79e-05,37.9,0.625,625.0,0.0,0.0
2026-07-02T18:02:09.433681,8149.0,1,2745.0,0.05,50.0,0.0500092,50.0092,0.05,50.0,3.768e-05,37.68,0.6252,625.1999999999999,0.0,0.0
2026-07-02T18:02:24.433592,8164.0,1,2760.0,0.05,50.0,0.0500719,50.0719,0.05,50.0,3.771e-05,37.71,0.625,625.0,0.0,0.0
2026-07-02T18:02:39.432981,8179.0,1,2775.0,0.05,50.0,0.0500412,50.0412,0.05,50.0,3.785e-05,37.85,0.625,625.0,0.0,0.0
2026-07-02T18:02:54.433733,8194.0,1,2790.0,0.05,50.0,0.0499564,49.956399999999995,0.05,50.0,3.747e-05,37.47,0.625,625.0,0.0,0.0
2026-07-02T18:03:09.430963,8209.0,1,2805.0,0.05,50.0,0.0499618,49.961800000000004,0.05,50.0,3.791e-05,37.910000000000004,0.625,625.0,0.0,0.0
2026-07-02T18:03:24.436718,8224.0,1,2820.0,0.05,50.0,0.0499493,49.9493,0.05,50.0,3.798e-05,37.98,0.625,625.0,0.0,0.0
2026-07-02T18:03:39.433516,8239.0,1,2835.0,0.05,50.0,0.0500028,50.0028,0.05,50.0,3.786e-05,37.86,0.6251,625.1,0.0,0.0
2026-07-02T18:03:54.628223,8254.2,1,2850.2,0.05,50.0,0.0499588,49.9588,0.05,50.0,3.824e-05,38.24,0.625,625.0,0.0,0.0
2026-07-02T18:04:09.434159,8269.0,1,2865.0,0.05,50.0,0.0500041,50.0041,0.05,50.0,3.803e-05,38.03,0.6251,625.1,0.0,0.0
